20241030143,DASTRUC241,F,0,0,0,0,0,0,0,0,0,0,0,0,0,0,0,0,0,0,25,5,0,0,0,0,15,90,0,0,0,0,0,0,100,0
20241031590,DASTRUC241,F,0,0,0,0,0,0,0,0,0,0,0,0,0,0,0,0,0,0,30,17,0,0,0,0,20,95,0,0,0,0,0,0,100,0
20241030089,DASTRUC241,F,0,0,0,0,0,0,0,0,0,0,0,0,0,0,0,0,0,0,30,7,0,0,0,0,15,100,0,0,0,0,0,0,95,0
20241031382,DASTRUC241,F,0,0,0,0,0,0,0,0,0,0,0,0,0,0,0,0,0,0,15,5,0,0,0,0,15,85,0,0,0,0,0,0,79,0
20241031331,DASTRUC241,F,0,0,0,0,0,0,0,0,0,0,0,0,0,0,0,0,0,0,30,13,0,0,0,0,15,90,0,0,0,0,0,0,100,0
20241030194,DASTRUC241,F,0,0,0,0,0,0,0,0,0,0,0,0,0,0,0,0,0,0,30,10,0,0,0,0,20,100,0,0,0,0,0,0,100,0
20241031626,DASTRUC241,F,0,0,0,0,0,0,0,0,0,0,0,0,0,0,0,0,0,0,25,13,0,0,0,0,20,95,0,0,0,0,0,0,100,0
20241031374,DASTRUC241,F,0,0,0,0,0,0,0,0,0,0,0,0,0,0,0,0,0,0,25,4,0,0,0,0,15,95,0,0,0,0,0,0,100,0
20241030065,DASTRUC241,F,0,0,0,0,0,0,0,0,0,0,0,0,0,0,0,0,0,0,25,7,0,0,0,0,20,90,0,0,0,0,0,0,100,0
20241031624,DASTRUC241,F,0,0,0,0,0,0,0,0,0,0,0,0,0,0,0,0,0,0,30,10,0,0,0,0,15,95,0,0,0,0,0,0,100,0
20241031433,DASTRUC241,F,0,0,0,0,0,0,0,0,0,0,0,0,0,0,0,0,0,0,30,11,0,0,0,0,15,90,0,0,0,0,0,0,100,0
20241030172,DASTRUC241,F,0,0,0,0,0,0,0,0,0,0,0,0,0,0,0,0,0,0,25,5,0,0,0,0,15,90,0,0,0,0,0,0,94,0
20241031411,DASTRUC241,F,0,0,0,0,0,0,0,0,0,0,0,0,0,0,0,0,0,0,30,7,0,0,0,0,20,100,0,0,0,0,0,0,97,0
20241030091,DASTRUC241,F,0,0,0,0,0,0,0,0,0,0,0,0,0,0,0,0,0,0,5,0,0,0,0,0,0,90,0,0,0,0,0,0,100,0
20242038170,DASTRUC241,F,0,0,0,0,0,0,0,0,0,0,0,0,0,0,0,0,0,0,25,11,0,0,0,0,20,98,0,0,0,0,0,0,97,0
20241038081,DASTRUC241,F,0,0,0,0,0,0,0,0,0,0,0,0,0,0,0,0,0,0,30,6,0,0,0,0,20,100,0,0,0,0,0,0,100,0
20241031349,DASTRUC241,F,0,0,0,0,0,0,0,0,0,0,0,0,0,0,0,0,0,0,30,5,0,0,0,0,15,100,0,0,0,0,0,0,97,0
20241035901,DASTRUC241,F,0,0,0,0,0,0,0,0,0,0,0,0,0,0,0,0,0,0,30,9,0,0,0,0,20,100,0,0,0,0,0,0,98,0
20241030150,DASTRUC241,F,0,0,0,0,0,0,0,0,0,0,0,0,0,0,0,0,0,0,30,4,0,0,0,0,15,90,0,0,0,0,0,0,97,0
20241031486,DASTRUC241,F,0,0,0,0,0,0,0,0,0,0,0,0,0,0,0,0,0,0,18,0,0,0,0,0,20,95,0,0,0,0,0,0,100,0
20241031505,DASTRUC241,F,0,0,0,0,0,0,0,0,0,0,0,0,0,0,0,0,0,0,30,8,0,0,0,0,15,95,0,0,0,0,0,0,95,0
20241031206,DASTRUC241,F,0,0,0,0,0,0,0,0,0,0,0,0,0,0,0,0,0,0,30,6,0,0,0,0,20,93,0,0,0,0,0,0,97,0
20241034496,DASTRUC241,F,0,0,0,0,0,0,0,0,0,0,0,0,0,0,0,0,0,0,15,5,0,0,0,0,15,90,0,0,0,0,0,0,100,0
20241030116,DASTRUC241,F,0,0,0,0,0,0,0,0,0,0,0,0,0,0,0,0,0,0,25,5,0,0,0,0,15,90,0,0,0,0,0,0,94,0
20241030021,DASTRUC241,F,0,0,0,0,0,0,0,0,0,0,0,0,0,0,0,0,0,0,30,5,0,0,0,0,15,97,0,0,0,0,0,0,100,0
20241031570,DASTRUC241,F,0,0,0,0,0,0,0,0,0,0,0,0,0,0,0,0,0,0,30,11,0,0,0,0,0,100,0,0,0,0,0,0,100,0
20241031630,DASTRUC241,F,0,0,0,0,0,0,0,0,0,0,0,0,0,0,0,0,0,0,30,13,0,0,0,0,15,97,0,0,0,0,0,0,100,0
20241031562,DASTRUC241,F,0,0,0,0,0,0,0,0,0,0,0,0,0,0,0,0,0,0,30,6,0,0,0,0,20,98,0,0,0,0,0,0,97,0
20241031523,DASTRUC241,F,0,0,0,0,0,0,0,0,0,0,0,0,0,0,0,0,0,0,30,10,0,0,0,0,15,100,0,0,0,0,0,0,98,0
20241031348,DASTRUC241,F,0,0,0,0,0,0,0,0,0,0,0,0,0,0,0,0,0,0,25,8,0,0,0,0,15,97,0,0,0,0,0,0,100,0
20241031342,DASTRUC241,F,0,0,0,0,0,0,0,0,0,0,0,0,0,0,0,0,0,0,25,16,0,0,0,0,20,100,0,0,0,0,0,0,100,0
20241031412,DASTRUC241,F,0,0,0,0,0,0,0,0,0,0,0,0,0,0,0,0,0,0,30,10,0,0,0,0,20,100,0,0,0,0,0,0,100,0
20241030019,DASTRUC241,F,0,0,0,0,0,0,0,0,0,0,0,0,0,0,0,0,0,0,30,14,0,0,0,0,20,100,0,0,0,0,0,0,100,0
20241030147,DASTRUC241,F,0,0,0,0,0,0,0,0,0,0,0,0,0,0,0,0,0,0,30,14,0,0,0,0,20,100,0,0,0,0,0,0,98,0
20241030032,DASTRUC241,F,0,0,0,0,0,0,0,0,0,0,0,0,0,0,0,0,0,0,30,10,0,0,0,0,20,100,0,0,0,0,0,0,100,0
20241031625,DASTRUC241,F,0,0,0,0,0,0,0,0,0,0,0,0,0,0,0,0,0,0,30,12,0,0,0,0,15,100,0,0,0,0,0,0,100,0
20241030175,DASTRUC241,F,0,0,0,0,0,0,0,0,0,0,0,0,0,0,0,0,0,0,30,9,0,0,0,0,20,98,0,0,0,0,0,0,100,0
20241030101,DASTRUC241,F,0,0,0,0,0,0,0,0,0,0,0,0,0,0,0,0,0,0,25,0,0,0,0,0,15,97,0,0,0,0,0,0,100,0
20241031816,DASTRUC242,F,0,0,0,0,0,0,0,0,0,0,0,0,0,0,0,0,0,0,30,17,0,0,0,0,15,95,0,0,0,0,0,0,100,0
20241031844,DASTRUC242,F,0,0,0,0,0,0,0,0,0,0,0,0,0,0,0,0,0,0,25,12,0,0,0,0,20,90,0,0,0,0,0,0,77,0
20241031682,DASTRUC242,F,0,0,0,0,0,0,0,0,0,0,0,0,0,0,0,0,0,0,30,9,0,0,0,0,15,95,0,0,0,0,0,0,100,0
20241035612,DASTRUC242,F,0,0,0,0,0,0,0,0,0,0,0,0,0,0,0,0,0,0,30,19,0,0,0,0,15,100,0,0,0,0,0,0,98,0
20241031984,DASTRUC242,F,0,0,0,0,0,0,0,0,0,0,0,0,0,0,0,0,0,0,10,7,0,0,0,0,15,90,0,0,0,0,0,0,77,0
20241031838,DASTRUC242,F,0,0,0,0,0,0,0,0,0,0,0,0,0,0,0,0,0,0,25,5,0,0,0,0,20,100,0,0,0,0,0,0,98,0
20241031663,DASTRUC242,F,0,0,0,0,0,0,0,0,0,0,0,0,0,0,0,0,0,0,30,18,0,0,0,0,20,100,0,0,0,0,0,0,98,0
20241031659,DASTRUC242,F,0,0,0,0,0,0,0,0,0,0,0,0,0,0,0,0,0,0,25,5,0,0,0,0,15,95,0,0,0,0,0,0,90,0
20241031652,DASTRUC242,F,0,0,0,0,0,0,0,0,0,0,0,0,0,0,0,0,0,0,30,9,0,0,0,0,15,85,0,0,0,0,0,0,100,0
20241031899,DASTRUC242,F,0,0,0,0,0,0,0,0,0,0,0,0,0,0,0,0,0,0,15,4,0,0,0,0,20,90,0,0,0,0,0,0,100,0
20241031966,DASTRUC242,F,0,0,0,0,0,0,0,0,0,0,0,0,0,0,0,0,0,0,20,5,0,0,0,0,15,95,0,0,0,0,0,0,100,0
20241038009,DASTRUC242,F,0,0,0,0,0,0,0,0,0,0,0,0,0,0,0,0,0,0,30,11,0,0,0,0,20,90,0,0,0,0,0,0,98,0
20241031987,DASTRUC242,F,0,0,0,0,0,0,0,0,0,0,0,0,0,0,0,0,0,0,20,8,0,0,0,0,15,100,0,0,0,0,0,0,100,0
20241036337,DASTRUC242,F,0,0,0,0,0,0,0,0,0,0,0,0,0,0,0,0,0,0,30,6,0,0,0,0,15,95,0,0,0,0,0,0,100,0
20241031674,DASTRUC242,F,0,0,0,0,0,0,0,0,0,0,0,0,0,0,0,0,0,0,30,5,0,0,0,0,15,90,0,0,0,0,0,0,97,0
20241033338,DASTRUC242,F,0,0,0,0,0,0,0,0,0,0,0,0,0,0,0,0,0,0,18,6,0,0,0,0,0,95,0,0,0,0,0,0,100,0
20241032141,DASTRUC242,F,0,0,0,0,0,0,0,0,0,0,0,0,0,0,0,0,0,0,30,7,0,0,0,0,15,100,0,0,0,0,0,0,98,0
20241032073,DASTRUC242,F,0,0,0,0,0,0,0,0,0,0,0,0,0,0,0,0,0,0,25,7,0,0,0,0,15,100,0,0,0,0,0,0,100,0
20241033554,DASTRUC242,F,0,0,0,0,0,0,0,0,0,0,0,0,0,0,0,0,0,0,25,10,0,0,0,0,20,90,0,0,0,0,0,0,90,0
20241032114,DASTRUC242,F,0,0,0,0,0,0,0,0,0,0,0,0,0,0,0,0,0,0,28,13,0,0,0,0,20,90,0,0,0,0,0,0,97,0
20241039640,DASTRUC242,F,0,0,0,0,0,0,0,0,0,0,0,0,0,0,0,0,0,0,25,2,0,0,0,0,20,90,0,0,0,0,0,0,100,0
20241033436,DASTRUC242,F,0,0,0,0,0,0,0,0,0,0,0,0,0,0,0,0,0,0,30,7,0,0,0,0,15,85,0,0,0,0,0,0,100,0
20241035271,DASTRUC242,F,0,0,0,0,0,0,0,0,0,0,0,0,0,0,0,0,0,0,30,10,0,0,0,0,15,100,0,0,0,0,0,0,100,0
20241031948,DASTRUC242,F,0,0,0,0,0,0,0,0,0,0,0,0,0,0,0,0,0,0,25,2,0,0,0,0,15,100,0,0,0,0,0,0,100,0
20241033769,DASTRUC242,F,0,0,0,0,0,0,0,0,0,0,0,0,0,0,0,0,0,0,30,12,0,0,0,0,15,100,0,0,0,0,0,0,100,0
20241037011,DASTRUC242,F,0,0,0,0,0,0,0,0,0,0,0,0,0,0,0,0,0,0,30,10,0,0,0,0,20,90,0,0,0,0,0,0,100,0
20241037557,DASTRUC242,F,0,0,0,0,0,0,0,0,0,0,0,0,0,0,0,0,0,0,30,6,0,0,0,0,15,95,0,0,0,0,0,0,90,0
20241032995,DASTRUC242,F,0,0,0,0,0,0,0,0,0,0,0,0,0,0,0,0,0,0,30,9,0,0,0,0,20,95,0,0,0,0,0,0,100,0
20241036781,DASTRUC242,F,0,0,0,0,0,0,0,0,0,0,0,0,0,0,0,0,0,0,30,9,0,0,0,0,15,100,0,0,0,0,0,0,100,0
20241031880,DASTRUC242,F,0,0,0,0,0,0,0,0,0,0,0,0,0,0,0,0,0,0,30,9,0,0,0,0,15,100,0,0,0,0,0,0,100,0
20241031951,DASTRUC242,F,0,0,0,0,0,0,0,0,0,0,0,0,0,0,0,0,0,0,25,5,0,0,0,0,15,100,0,0,0,0,0,0,100,0
20241033339,DASTRUC242,F,0,0,0,0,0,0,0,0,0,0,0,0,0,0,0,0,0,0,30,11,0,0,0,0,15,90,0,0,0,0,0,0,98,0
20241031685,DASTRUC242,F,0,0,0,0,0,0,0,0,0,0,0,0,0,0,0,0,0,0,30,12,0,0,0,0,15,100,0,0,0,0,0,0,100,0
20241038479,DASTRUC242,F,0,0,0,0,0,0,0,0,0,0,0,0,0,0,0,0,0,0,0,0,0,0,0,0,0,0,0,0,0,0,0,0,0,0
20241032085,DASTRUC242,F,0,0,0,0,0,0,0,0,0,0,0,0,0,0,0,0,0,0,30,18,0,0,0,0,15,100,0,0,0,0,0,0,100,0
20241032025,DASTRUC242,F,0,0,0,0,0,0,0,0,0,0,0,0,0,0,0,0,0,0,30,4,0,0,0,0,15,100,0,0,0,0,0,0,100,0
20241031718,DASTRUC242,F,0,0,0,0,0,0,0,0,0,0,0,0,0,0,0,0,0,0,30,0,0,0,0,0,15,90,0,0,0,0,0,0,100,0
2023130039,DNETCOM231,F,0,0,0,0,0,0,0,0,0,0,0,0,24,95,50,0,0,0,100,35,9,0,0,0,100,100,100,0,0,0,0,0,100,0
2023130290,DNETCOM231,F,0,0,0,0,0,0,0,0,0,0,0,0,24,100,50,0,0,0,100,35,8,0,0,0,100,100,100,0,0,0,0,0,100,0
2023130148,DNETCOM231,F,0,0,0,0,0,0,0,0,0,0,0,0,10,100,50,0,0,0,100,30,0,0,0,0,100,100,100,0,0,0,0,0,100,0
2023130591,DNETCOM231,F,0,0,0,0,0,0,0,0,0,0,0,0,24,100,50,0,0,0,100,35,9,0,0,0,100,100,100,0,0,0,0,0,100,0
2023130138,DNETCOM231,F,0,0,0,0,0,0,0,0,0,0,0,0,19,73,50,0,0,0,100,35,4,0,0,0,100,100,0,0,0,0,0,0,100,0
2023130266,DNETCOM231,F,0,0,0,0,0,0,0,0,0,0,0,0,10,100,50,0,0,0,100,30,5,0,0,0,80,100,100,0,0,0,0,0,100,0
2023130176,DNETCOM231,F,0,0,0,0,0,0,0,0,0,0,0,0,10,95,50,0,0,0,100,25,0,0,0,0,100,100,100,0,0,0,0,0,100,0
2022133923,DNETCOM231,F,0,0,0,0,0,0,0,0,0,0,0,0,0,0,0,0,0,0,0,0,0,0,0,0,0,0,0,0,0,0,0,0,0,0
2023132555,DNETCOM231,F,0,0,0,0,0,0,0,0,0,0,0,0,25,100,50,0,0,0,100,35,17,0,0,0,100,100,100,0,0,0,0,0,100,0
2023132557,DNETCOM231,F,0,0,0,0,0,0,0,0,0,0,0,0,25,100,50,0,0,0,100,35,7,0,0,0,100,100,100,0,0,0,0,0,100,0
2023130677,DNETCOM231,F,0,0,0,0,0,0,0,0,0,0,0,0,22,95,50,0,0,0,100,35,5,0,0,0,100,100,80,0,0,0,0,0,97,0
2023130168,DNETCOM231,F,0,0,0,0,0,0,0,0,0,0,0,0,9,75,50,0,0,0,100,30,5,0,0,0,100,100,100,0,0,0,0,0,97,0
2023130251,DNETCOM231,F,0,0,0,0,0,0,0,0,0,0,0,0,24,100,50,0,0,0,100,35,9,0,0,0,100,100,100,0,0,0,0,0,100,0
2023130531,DNETCOM231,F,0,0,0,0,0,0,0,0,0,0,0,0,9,100,50,0,0,0,100,30,0,0,0,0,80,100,100,0,0,0,0,0,100,0
2023133466,DNETCOM231,F,0,0,0,0,0,0,0,0,0,0,0,0,24,100,50,0,0,0,100,33,7,0,0,0,100,100,100,0,0,0,0,0,100,0
2023130364,DNETCOM231,F,0,0,0,0,0,0,0,0,0,0,0,0,25,95,50,0,0,0,100,35,4,0,0,0,100,100,100,0,0,0,0,0,100,0
2023132532,DNETCOM231,F,0,0,0,0,0,0,0,0,0,0,0,0,24,100,50,0,0,0,100,35,0,0,0,0,100,100,100,0,0,0,0,0,100,0
2023130149,DNETCOM231,F,0,0,0,0,0,0,0,0,0,0,0,0,24,95,50,0,0,0,100,30,0,0,0,0,100,100,0,0,0,0,0,0,100,0
2023130497,DNETCOM231,F,0,0,0,0,0,0,0,0,0,0,0,0,24,100,50,0,0,0,100,20,5,0,0,0,100,0,100,0,0,0,0,0,100,0
2023132755,DNETCOM231,F,0,0,0,0,0,0,0,0,0,0,0,0,24,90,0,0,0,0,100,35,0,0,0,0,80,100,100,0,0,0,0,0,97,0
2023130728,DNETCOM231,F,0,0,0,0,0,0,0,0,0,0,0,0,24,95,50,0,0,0,100,35,12,0,0,0,100,100,100,0,0,0,0,0,100,0
2023130156,DNETCOM231,F,0,0,0,0,0,0,0,0,0,0,0,0,24,100,50,0,0,0,100,35,5,0,0,0,100,100,100,0,0,0,0,0,100,0
2023130639,DNETCOM231,F,0,0,0,0,0,0,0,0,0,0,0,0,22,75,50,0,0,0,100,35,3,0,0,0,80,100,100,0,0,0,0,0,97,0
2023130791,DNETCOM231,F,0,0,0,0,0,0,0,0,0,0,0,0,24,100,50,0,0,0,100,35,5,0,0,0,100,100,100,0,0,0,0,0,100,0
2023130525,DNETCOM231,F,0,0,0,0,0,0,0,0,0,0,0,0,25,95,50,0,0,0,100,30,6,0,0,0,100,100,100,0,0,0,0,0,100,0
2023130673,DNETCOM231,F,0,0,0,0,0,0,0,0,0,0,0,0,24,100,50,0,0,0,100,35,6,0,0,0,100,100,100,0,0,0,0,0,100,0
2023133147,DNETCOM231,F,0,0,0,0,0,0,0,0,0,0,0,0,0,0,50,0,0,0,100,5,0,0,0,0,100,100,0,0,0,0,0,0,0,0
2023132451,DNETCOM231,F,0,0,0,0,0,0,0,0,0,0,0,0,24,100,50,0,0,0,100,35,6,0,0,0,100,100,100,0,0,0,0,0,100,0
2023132672,DNETCOM231,F,0,0,0,0,0,0,0,0,0,0,0,0,0,0,0,0,0,0,0,0,0,0,0,0,0,0,0,0,0,0,0,0,0,0
2023133151,DNETCOM231,F,0,0,0,0,0,0,0,0,0,0,0,0,9,100,50,0,0,0,100,30,5,0,0,0,100,100,100,0,0,0,0,0,97,0
2023130403,DNETCOM231,F,0,0,0,0,0,0,0,0,0,0,0,0,24,95,50,0,0,0,100,35,7,0,0,0,100,100,100,0,0,0,0,0,100,0
2021131575,DNETCOM231,F,0,0,0,0,0,0,0,0,0,0,0,0,9,100,0,0,0,0,100,20,5,0,0,0,80,100,100,0,0,0,0,0,100,0
2023130621,DNETCOM231,F,0,0,0,0,0,0,0,0,0,0,0,0,19,90,50,0,0,0,100,30,2,0,0,0,100,100,0,0,0,0,0,0,90,0
2023132440,DNETCOM231,F,0,0,0,0,0,0,0,0,0,0,0,0,10,100,50,0,0,0,100,35,0,0,0,0,80,100,100,0,0,0,0,0,100,0
2023131552,DNETCOM231,F,0,0,0,0,0,0,0,0,0,0,0,0,22,100,50,0,0,0,100,35,2,0,0,0,100,100,100,0,0,0,0,0,100,0
2023130496,DNETCOM231,F,0,0,0,0,0,0,0,0,0,0,0,0,22,95,50,0,0,0,100,30,4,0,0,0,100,100,80,0,0,0,0,0,97,0
2023130607,DNETCOM231,F,0,0,0,0,0,0,0,0,0,0,0,0,19,100,50,0,0,0,100,35,6,0,0,0,100,100,100,0,0,0,0,0,100,0
2023130455,DNETCOM231,F,0,0,0,0,0,0,0,0,0,0,0,0,24,95,50,0,0,0,100,35,6,0,0,0,100,100,100,0,0,0,0,0,100,0
2023130110,DNETCOM231,F,0,0,0,0,0,0,0,0,0,0,0,0,19,0,0,0,0,0,100,25,0,0,0,0,100,100,0,0,0,0,0,0,90,0
2023131296,DNETCOM231,F,0,0,0,0,0,0,0,0,0,0,0,0,0,0,50,0,0,0,100,10,0,0,0,0,0,100,0,0,0,0,0,0,97,0
2023132280,DNETCOM232,F,0,0,0,0,0,0,0,0,0,0,0,0,22,95,0,0,0,0,100,33,0,0,0,0,100,100,100,0,0,0,0,0,100,0
2023130933,DNETCOM232,F,0,0,0,0,0,0,0,0,0,0,0,0,23,95,0,0,0,0,100,35,10,0,0,0,100,100,100,0,0,0,0,0,94,0
2023131105,DNETCOM232,F,0,0,0,0,0,0,0,0,0,0,0,0,23,100,0,0,0,0,100,35,4,0,0,0,100,100,100,0,0,0,0,0,94,0
2023132776,DNETCOM232,F,0,0,0,0,0,0,0,0,0,0,0,0,11,80,0,0,0,0,100,25,0,0,0,0,100,50,80,0,0,0,0,0,90,0
2023132774,DNETCOM232,F,0,0,0,0,0,0,0,0,0,0,0,0,11,0,0,0,0,0,100,15,3,0,0,0,100,50,80,0,0,0,0,0,90,0
2023130877,DNETCOM232,F,0,0,0,0,0,0,0,0,0,0,0,0,24,95,0,0,0,0,100,35,0,0,0,0,100,100,100,0,0,0,0,0,94,0
2023133610,DNETCOM232,F,0,0,0,0,0,0,0,0,0,0,0,0,22,0,0,0,0,0,100,30,0,0,0,0,100,100,100,0,0,0,0,0,100,0
2023131223,DNETCOM232,F,0,0,0,0,0,0,0,0,0,0,0,0,21,100,0,0,0,0,100,35,0,0,0,0,100,50,100,0,0,0,0,0,90,0
2023133206,DNETCOM232,F,0,0,0,0,0,0,0,0,0,0,0,0,22,100,0,0,0,0,100,35,3,0,0,0,100,100,100,0,0,0,0,0,97,0
2023133648,DNETCOM232,F,0,0,0,0,0,0,0,0,0,0,0,0,22,95,0,0,0,0,100,25,12,0,0,0,100,0,0,0,0,0,0,0,100,0
2023133383,DNETCOM232,F,0,0,0,0,0,0,0,0,0,0,0,0,0,95,0,0,0,0,100,13,0,0,0,0,100,100,100,0,0,0,0,0,90,0
2023132559,DNETCOM232,F,0,0,0,0,0,0,0,0,0,0,0,0,23,95,0,0,0,0,100,35,3,0,0,0,100,100,100,0,0,0,0,0,100,0
2023133611,DNETCOM232,F,0,0,0,0,0,0,0,0,0,0,0,0,0,95,0,0,0,0,100,15,0,0,0,0,100,100,100,0,0,0,0,0,0,0
2023133046,DNETCOM232,F,0,0,0,0,0,0,0,0,0,0,0,0,0,95,0,0,0,0,100,23,0,0,0,0,100,100,100,0,0,0,0,0,97,0
2023131333,DNETCOM232,F,0,0,0,0,0,0,0,0,0,0,0,0,25,100,0,0,0,0,100,35,15,0,0,0,100,50,100,0,0,0,0,0,100,0
2023130803,DNETCOM232,F,0,0,0,0,0,0,0,0,0,0,0,0,25,95,0,0,0,0,100,35,22,0,0,0,100,50,100,0,0,0,0,0,100,0
2023132503,DNETCOM232,F,0,0,0,0,0,0,0,0,0,0,0,0,11,95,0,0,0,0,100,30,0,0,0,0,100,100,100,0,0,0,0,0,90,0
2023131141,DNETCOM232,F,0,0,0,0,0,0,0,0,0,0,0,0,24,100,0,0,0,0,100,30,7,0,0,0,100,100,100,0,0,0,0,0,94,0
2023133128,DNETCOM232,F,0,0,0,0,0,0,0,0,0,0,0,0,11,0,0,0,0,0,100,25,0,0,0,0,100,100,100,0,0,0,0,0,90,0
2023330075,DNETCOM232,F,0,0,0,0,0,0,0,0,0,0,0,0,24,95,0,0,0,0,100,35,6,0,0,0,100,100,100,0,0,0,0,0,94,0
2023131126,DNETCOM232,F,0,0,0,0,0,0,0,0,0,0,0,0,23,90,0,0,0,0,100,35,0,0,0,0,100,100,100,0,0,0,0,0,100,0
2023133048,DNETCOM232,F,0,0,0,0,0,0,0,0,0,0,0,0,0,0,0,0,0,0,0,0,0,0,0,0,0,0,0,0,0,0,0,0,0,0
2023132464,DNETCOM232,F,0,0,0,0,0,0,0,0,0,0,0,0,0,100,0,0,0,0,100,13,0,0,0,0,100,100,100,0,0,0,0,0,90,0
2020130121,DNETCOM232,F,0,0,0,0,0,0,0,0,0,0,0,0,21,75,0,0,0,0,100,30,8,0,0,0,100,50,100,0,0,0,0,0,90,0
2023330060,DNETCOM232,F,0,0,0,0,0,0,0,0,0,0,0,0,21,80,0,0,0,0,100,35,5,0,0,0,100,100,100,0,0,0,0,0,90,0
2023131356,DNETCOM232,F,0,0,0,0,0,0,0,0,0,0,0,0,22,95,0,0,0,0,100,23,5,0,0,0,100,50,80,0,0,0,0,0,100,0
2023133156,DNETCOM232,F,0,0,0,0,0,0,0,0,0,0,0,0,24,95,0,0,0,0,100,30,4,0,0,0,100,100,100,0,0,0,0,0,94,0
2023133218,DNETCOM232,F,0,0,0,0,0,0,0,0,0,0,0,0,0,0,0,0,0,0,100,10,0,0,0,0,100,0,0,0,0,0,0,0,100,0
2023130896,DNETCOM232,F,0,0,0,0,0,0,0,0,0,0,0,0,23,75,0,0,0,0,100,35,7,0,0,0,100,100,100,0,0,0,0,0,94,0
2023131881,DNETCOM232,F,0,0,0,0,0,0,0,0,0,0,0,0,22,100,0,0,0,0,100,30,3,0,0,0,100,100,100,0,0,0,0,0,100,0
2023131307,DNETCOM232,F,0,0,0,0,0,0,0,0,0,0,0,0,25,100,0,0,0,0,100,35,0,0,0,0,100,100,80,0,0,0,0,0,100,0
2023132461,DNETCOM232,F,0,0,0,0,0,0,0,0,0,0,0,0,23,83,0,0,0,0,100,30,4,0,0,0,100,100,100,0,0,0,0,0,94,0
2023133106,DNETCOM232,F,0,0,0,0,0,0,0,0,0,0,0,0,0,0,0,0,0,0,100,10,0,0,0,0,0,100,100,0,0,0,0,0,0,0
2023131212,DNETCOM232,F,0,0,0,0,0,0,0,0,0,0,0,0,22,95,0,0,0,0,100,28,8,0,0,0,100,50,80,0,0,0,0,0,100,0
2023130833,DNETCOM232,F,0,0,0,0,0,0,0,0,0,0,0,0,23,90,0,0,0,0,100,35,0,0,0,0,100,100,100,0,0,0,0,0,100,0
2021132051,DNETCOM232,F,0,0,0,0,0,0,0,0,0,0,0,0,22,0,0,0,0,0,100,14,0,0,0,0,100,0,100,0,0,0,0,0,97,0
2023130795,DNETCOM232,F,0,0,0,0,0,0,0,0,0,0,0,0,25,100,0,0,0,0,100,35,13,0,0,0,100,100,80,0,0,0,0,0,100,0
2023131077,DNETCOM232,F,0,0,0,0,0,0,0,0,0,0,0,0,23,100,0,0,0,0,100,30,0,0,0,0,100,100,100,0,0,0,0,0,100,0
2023132937,DNETCOM232,F,0,0,0,0,0,0,0,0,0,0,0,0,0,100,0,0,0,0,100,23,0,0,0,0,100,100,100,0,0,0,0,0,100,0
2023132303,DNETCOM235,F,0,0,0,0,0,0,0,0,0,0,0,0,24,100,0,0,0,0,100,30,0,0,0,0,100,100,100,0,0,0,0,0,100,0
2023132345,DNETCOM235,F,0,0,0,0,0,0,0,0,0,0,0,0,24,95,0,0,0,0,100,30,1,0,0,0,100,100,100,0,0,0,0,0,100,0
2023132333,DNETCOM235,F,0,0,0,0,0,0,0,0,0,0,0,0,25,75,0,0,0,0,100,30,5,0,0,0,100,100,100,0,0,0,0,0,100,0
2023133619,DNETCOM235,F,0,0,0,0,0,0,0,0,0,0,0,0,25,100,0,0,0,0,100,30,0,0,0,0,100,100,100,0,0,0,0,0,100,0
2023132399,DNETCOM235,F,0,0,0,0,0,0,0,0,0,0,0,0,15,100,0,0,0,0,100,30,0,0,0,0,80,100,100,0,0,0,0,0,100,0
2023132332,DNETCOM235,F,0,0,0,0,0,0,0,0,0,0,0,0,25,100,0,0,0,0,100,30,7,0,0,0,100,100,100,0,0,0,0,0,100,0
2023132285,DNETCOM235,F,0,0,0,0,0,0,0,0,0,0,0,0,21,100,0,0,0,0,100,25,0,0,0,0,100,100,100,0,0,0,0,0,100,0
2023132283,DNETCOM235,F,0,0,0,0,0,0,0,0,0,0,0,0,19,100,0,0,0,0,100,30,5,0,0,0,80,100,100,0,0,0,0,0,100,0
2023132270,DNETCOM235,F,0,0,0,0,0,0,0,0,0,0,0,0,24,90,0,0,0,0,100,30,6,0,0,0,50,90,80,0,0,0,0,0,97,0
2023132208,DNETCOM235,F,0,0,0,0,0,0,0,0,0,0,0,0,23,90,0,0,0,0,100,30,4,0,0,0,80,100,100,0,0,0,0,0,100,0
2023132380,DNETCOM235,F,0,0,0,0,0,0,0,0,0,0,0,0,20,100,0,0,0,0,100,30,0,0,0,0,100,100,100,0,0,0,0,0,97,0
2023132279,DNETCOM235,F,0,0,0,0,0,0,0,0,0,0,0,0,24,100,0,0,0,0,100,30,0,0,0,0,80,100,100,0,0,0,0,0,100,0
2023132266,DNETCOM235,F,0,0,0,0,0,0,0,0,0,0,0,0,19,100,0,0,0,0,100,30,4,0,0,0,80,100,100,0,0,0,0,0,100,0
2023131412,DNETCOM235,F,0,0,0,0,0,0,0,0,0,0,0,0,24,95,0,0,0,0,100,30,4,0,0,0,100,100,100,0,0,0,0,0,100,0
2023132309,DNETCOM235,F,0,0,0,0,0,0,0,0,0,0,0,0,25,95,0,0,0,0,100,30,5,0,0,0,100,100,100,0,0,0,0,0,100,0
2023132408,DNETCOM235,F,0,0,0,0,0,0,0,0,0,0,0,0,23,100,0,0,0,0,100,20,4,0,0,0,80,100,100,0,0,0,0,0,100,0
2023133141,DNETCOM235,F,0,0,0,0,0,0,0,0,0,0,0,0,24,100,0,0,0,0,100,30,0,0,0,0,100,100,100,0,0,0,0,0,100,0
2023133143,DNETCOM235,F,0,0,0,0,0,0,0,0,0,0,0,0,0,0,0,0,0,0,0,0,0,0,0,0,0,0,0,0,0,0,0,0,0,0
2023132388,DNETCOM235,F,0,0,0,0,0,0,0,0,0,0,0,0,20,100,0,0,0,0,100,30,3,0,0,0,100,100,100,0,0,0,0,0,100,0
2023132024,DNETCOM235,F,0,0,0,0,0,0,0,0,0,0,0,0,24,95,0,0,0,0,100,30,6,0,0,0,100,100,100,0,0,0,0,0,100,0
2023132343,DNETCOM235,F,0,0,0,0,0,0,0,0,0,0,0,0,24,75,0,0,0,0,100,30,5,0,0,0,80,100,100,0,0,0,0,0,100,0
2023132233,DNETCOM235,F,0,0,0,0,0,0,0,0,0,0,0,0,20,100,0,0,0,0,100,30,5,0,0,0,100,100,100,0,0,0,0,0,97,0
2023132467,DNETCOM235,F,0,0,0,0,0,0,0,0,0,0,0,0,24,100,0,0,0,0,100,30,0,0,0,0,80,100,100,0,0,0,0,0,100,0
2023131518,DNETCOM235,F,0,0,0,0,0,0,0,0,0,0,0,0,24,100,0,0,0,0,100,30,8,0,0,0,100,100,100,0,0,0,0,0,100,0
2023132286,DNETCOM235,F,0,0,0,0,0,0,0,0,0,0,0,0,21,95,0,0,0,0,100,20,0,0,0,0,50,90,80,0,0,0,0,0,97,0
2023132549,DNETCOM235,F,0,0,0,0,0,0,0,0,0,0,0,0,21,100,0,0,0,0,100,30,1,0,0,0,100,100,100,0,0,0,0,0,100,0
2023132617,DNETCOM235,F,0,0,0,0,0,0,0,0,0,0,0,0,20,100,0,0,0,0,100,30,0,0,0,0,100,100,100,0,0,0,0,0,100,0
2023132244,DNETCOM235,F,0,0,0,0,0,0,0,0,0,0,0,0,21,100,0,0,0,0,100,30,2,0,0,0,100,100,100,0,0,0,0,0,100,0
2023132627,DNETCOM235,F,0,0,0,0,0,0,0,0,0,0,0,0,19,44,0,0,0,0,100,30,5,0,0,0,80,100,100,0,0,0,0,0,100,0
2023132240,DNETCOM235,F,0,0,0,0,0,0,0,0,0,0,0,0,25,100,0,0,0,0,100,20,0,0,0,0,100,100,100,0,0,0,0,0,90,0
2023132312,DNETCOM235,F,0,0,0,0,0,0,0,0,0,0,0,0,24,100,0,0,0,0,100,30,0,0,0,0,100,100,100,0,0,0,0,0,100,0
2023131044,DNETCOM235,F,0,0,0,0,0,0,0,0,0,0,0,0,25,95,0,0,0,0,100,30,12,0,0,0,100,100,100,0,0,0,0,0,100,0
2023133025,DNETCOM235,F,0,0,0,0,0,0,0,0,0,0,0,0,25,0,0,0,0,0,100,28,0,0,0,0,100,100,100,0,0,0,0,0,100,0
2023132608,DNETCOM235,F,0,0,0,0,0,0,0,0,0,0,0,0,23,95,0,0,0,0,100,25,0,0,0,0,100,100,100,0,0,0,0,0,100,0
2023132575,DNETCOM235,F,0,0,0,0,0,0,0,0,0,0,0,0,25,100,0,0,0,0,100,30,14,0,0,0,100,100,100,0,0,0,0,0,100,0
2023132318,DNETCOM235,F,0,0,0,0,0,0,0,0,0,0,0,0,19,100,0,0,0,0,100,30,7,0,0,0,100,100,100,0,0,0,0,0,100,0
2023133085,DNETCOM235,F,0,0,0,0,0,0,0,0,0,0,0,0,24,100,0,0,0,0,100,30,6,0,0,0,100,100,100,0,0,0,0,0,100,0
2023132290,DNETCOM235,F,0,0,0,0,0,0,0,0,0,0,0,0,23,100,0,0,0,0,100,25,4,0,0,0,80,100,100,0,0,0,0,0,100,0
2023132538,DNETCOM235,F,0,0,0,0,0,0,0,0,0,0,0,0,15,0,0,0,0,0,100,28,0,0,0,0,80,100,100,0,0,0,0,0,100,0
2023132906,DNETCOM236,F,0,0,0,0,0,0,0,0,0,0,0,0,25,100,0,0,0,0,100,30,8,0,0,0,100,100,100,0,0,0,0,0,100,0
2023230078,DNETCOM236,F,0,0,0,0,0,0,0,0,0,0,0,0,20,75,0,0,0,0,100,30,5,0,0,0,50,100,100,0,0,0,0,0,100,0
2023132941,DNETCOM236,F,0,0,0,0,0,0,0,0,0,0,0,0,21,95,0,0,0,0,100,20,6,0,0,0,100,100,100,0,0,0,0,0,100,0
2022132525,DNETCOM236,F,0,0,0,0,0,0,0,0,0,0,0,0,25,95,0,0,0,0,100,25,8,0,0,0,0,100,100,0,0,0,0,0,100,0
2023133215,DNETCOM236,F,0,0,0,0,0,0,0,0,0,0,0,0,0,0,0,0,0,0,0,0,0,0,0,0,0,0,0,0,0,0,0,0,0,0
2023132838,DNETCOM236,F,0,0,0,0,0,0,0,0,0,0,0,0,20,75,0,0,0,0,100,15,6,0,0,0,50,100,100,0,0,0,0,0,100,0
2023230057,DNETCOM236,F,0,0,0,0,0,0,0,0,0,0,0,0,20,95,0,0,0,0,100,30,8,0,0,0,100,100,100,0,0,0,0,0,100,0
2023132919,DNETCOM236,F,0,0,0,0,0,0,0,0,0,0,0,0,22,95,0,0,0,0,100,30,10,0,0,0,100,100,100,0,0,0,0,0,100,0
2023133628,DNETCOM236,F,0,0,0,0,0,0,0,0,0,0,0,0,18,0,0,0,0,0,100,13,4,0,0,0,100,100,0,0,0,0,0,0,100,0
2023133074,DNETCOM236,F,0,0,0,0,0,0,0,0,0,0,0,0,21,100,0,0,0,0,100,20,0,0,0,0,100,0,0,0,0,0,0,0,100,0
2023131731,DNETCOM236,F,0,0,0,0,0,0,0,0,0,0,0,0,25,100,0,0,0,0,100,30,0,0,0,0,100,100,100,0,0,0,0,0,100,0
2023133012,DNETCOM236,F,0,0,0,0,0,0,0,0,0,0,0,0,22,100,0,0,0,0,100,30,5,0,0,0,100,100,100,0,0,0,0,0,100,0
2023133061,DNETCOM236,F,0,0,0,0,0,0,0,0,0,0,0,0,18,95,0,0,0,0,100,15,5,0,0,0,100,100,100,0,0,0,0,0,100,0
2023133267,DNETCOM236,F,0,0,0,0,0,0,0,0,0,0,0,0,0,100,0,0,0,0,100,20,0,0,0,0,100,0,0,0,0,0,0,0,100,0
2023133222,DNETCOM236,F,0,0,0,0,0,0,0,0,0,0,0,0,20,75,0,0,0,0,100,30,0,0,0,0,100,0,100,0,0,0,0,0,100,0
2023133075,DNETCOM236,F,0,0,0,0,0,0,0,0,0,0,0,0,21,100,0,0,0,0,100,30,7,0,0,0,100,100,100,0,0,0,0,0,100,0
2023132788,DNETCOM236,F,0,0,0,0,0,0,0,0,0,0,0,0,25,100,0,0,0,0,100,30,4,0,0,0,100,100,100,0,0,0,0,0,100,0
2023132472,DNETCOM236,F,0,0,0,0,0,0,0,0,0,0,0,0,24,90,0,0,0,0,100,30,4,0,0,0,100,100,100,0,0,0,0,0,100,0
2023133000,DNETCOM236,F,0,0,0,0,0,0,0,0,0,0,0,0,21,95,0,0,0,0,100,20,0,0,0,0,100,0,100,0,0,0,0,0,100,0
2023133606,DNETCOM236,F,0,0,0,0,0,0,0,0,0,0,0,0,25,95,0,0,0,0,100,30,4,0,0,0,100,100,100,0,0,0,0,0,100,0
2023133013,DNETCOM236,F,0,0,0,0,0,0,0,0,0,0,0,0,25,95,0,0,0,0,100,30,0,0,0,0,100,100,100,0,0,0,0,0,100,0
2023131491,DNETCOM236,F,0,0,0,0,0,0,0,0,0,0,0,0,24,90,0,0,0,0,100,30,7,0,0,0,100,100,100,0,0,0,0,0,100,0
2023132840,DNETCOM236,F,0,0,0,0,0,0,0,0,0,0,0,0,18,75,0,0,0,0,100,30,8,0,0,0,100,100,80,0,0,0,0,0,100,0
2023132820,DNETCOM236,F,0,0,0,0,0,0,0,0,0,0,0,0,0,100,0,0,0,0,100,20,0,0,0,0,100,100,100,0,0,0,0,0,100,0
2023133014,DNETCOM236,F,0,0,0,0,0,0,0,0,0,0,0,0,22,90,0,0,0,0,100,30,5,0,0,0,100,100,100,0,0,0,0,0,100,0
2023133022,DNETCOM236,F,0,0,0,0,0,0,0,0,0,0,0,0,18,75,0,0,0,0,100,25,2,0,0,0,100,100,80,0,0,0,0,0,100,0
2023133041,DNETCOM236,F,0,0,0,0,0,0,0,0,0,0,0,0,24,95,0,0,0,0,100,30,7,0,0,0,100,100,100,0,0,0,0,0,100,0
2023133029,DNETCOM236,F,0,0,0,0,0,0,0,0,0,0,0,0,21,90,0,0,0,0,100,30,0,0,0,0,100,100,100,0,0,0,0,0,100,0
2023132487,DNETCOM236,F,0,0,0,0,0,0,0,0,0,0,0,0,25,100,0,0,0,0,100,30,0,0,0,0,100,100,100,0,0,0,0,0,100,0
2023132547,DNETCOM236,F,0,0,0,0,0,0,0,0,0,0,0,0,21,100,0,0,0,0,100,30,6,0,0,0,100,100,100,0,0,0,0,0,100,0
2022130571,DNETCOM236,F,0,0,0,0,0,0,0,0,0,0,0,0,0,0,0,0,0,0,0,0,0,0,0,0,0,0,0,0,0,0,0,0,0,0
2023132854,DNETCOM236,F,0,0,0,0,0,0,0,0,0,0,0,0,24,95,0,0,0,0,100,30,8,0,0,0,100,100,100,0,0,0,0,0,100,0
2023132962,DNETCOM236,F,0,0,0,0,0,0,0,0,0,0,0,0,22,75,0,0,0,0,100,30,0,0,0,0,100,100,100,0,0,0,0,0,100,0
2023132857,DNETCOM236,F,0,0,0,0,0,0,0,0,0,0,0,0,21,95,0,0,0,0,100,30,12,0,0,0,100,100,100,0,0,0,0,0,100,0
2023133207,DNETCOM236,F,0,0,0,0,0,0,0,0,0,0,0,0,25,100,0,0,0,0,100,30,13,0,0,0,100,100,100,0,0,0,0,0,100,0
2023133284,DNETCOM236,F,0,0,0,0,0,0,0,0,0,0,0,0,21,95,0,0,0,0,100,30,0,0,0,0,100,100,100,0,0,0,0,0,100,0
