2023330070,APPROJ1237,M,0,0,0,0,0,0,0,0,0,0,0,0,0,0,0,0,0,0,0,0,0,0,0,0,88,45,10,0,0,0,0,0,88,0
2023330047,APPROJ1237,M,0,0,0,0,0,0,0,0,0,0,0,0,0,0,0,0,0,0,0,0,0,0,0,0,100,45,25,0,0,0,0,0,91,0
2023330049,APPROJ1237,M,0,0,0,0,0,0,0,0,0,0,0,0,0,0,0,0,0,0,0,0,0,0,0,0,90,43,15,0,0,0,0,0,97,0
2023330069,APPROJ1237,M,0,0,0,0,0,0,0,0,0,0,0,0,0,0,0,0,0,0,0,0,0,0,0,0,98,43,25,0,0,0,0,0,91,0
2023330046,APPROJ1237,M,0,0,0,0,0,0,0,0,0,0,0,0,0,0,0,0,0,0,0,0,0,0,0,0,100,43,25,0,0,0,0,0,90,0
2022230112,APPROJ1237,M,0,0,0,0,0,0,0,0,0,0,0,0,0,0,0,0,0,0,0,0,0,0,0,0,85,40,15,0,0,0,0,0,87,0
2023330071,APPROJ1237,M,0,0,0,0,0,0,0,0,0,0,0,0,0,0,0,0,0,0,0,0,0,0,0,0,94,43,15,0,0,0,0,0,87,0
2023330037,APPROJ1237,M,0,0,0,0,0,0,0,0,0,0,0,0,0,0,0,0,0,0,0,0,0,0,0,0,94,47,25,0,0,0,0,0,97,0
2023330038,APPROJ1237,M,0,0,0,0,0,0,0,0,0,0,0,0,0,0,0,0,0,0,0,0,0,0,0,0,98,43,25,0,0,0,0,0,91,0
2022230053,APPROJ1237,M,0,0,0,0,0,0,0,0,0,0,0,0,0,0,0,0,0,0,0,0,0,0,0,0,98,43,25,0,0,0,0,0,81,0
2023230083,APPROJ1237,M,0,0,0,0,0,0,0,0,0,0,0,0,0,0,0,0,0,0,0,0,0,0,0,0,98,47,18,0,0,0,0,0,88,0
2022230102,APPROJ1237,M,0,0,0,0,0,0,0,0,0,0,0,0,0,0,0,0,0,0,0,0,0,0,0,0,98,47,25,0,0,0,0,0,88,0
2023133643,APPROJ1237,M,0,0,0,0,0,0,0,0,0,0,0,0,0,0,0,0,0,0,0,0,0,0,0,0,88,45,15,0,0,0,0,0,88,0
2023330072,APPROJ1237,M,0,0,0,0,0,0,0,0,0,0,0,0,0,0,0,0,0,0,0,0,0,0,0,0,100,47,25,0,0,0,0,0,90,0
2023130844,APPROJ1237,M,0,0,0,0,0,0,0,0,0,0,0,0,0,0,0,0,0,0,0,0,0,0,0,0,90,47,20,0,0,0,0,0,81,0
2022230081,APPROJ1237,M,0,0,0,0,0,0,0,0,0,0,0,0,0,0,0,0,0,0,0,0,0,0,0,0,0,0,10,0,0,0,0,0,81,0
2023330059,APPROJ1237,M,0,0,0,0,0,0,0,0,0,0,0,0,0,0,0,0,0,0,0,0,0,0,0,0,88,45,15,0,0,0,0,0,88,0
2023330075,APPROJ1237,M,0,0,0,0,0,0,0,0,0,0,0,0,0,0,0,0,0,0,0,0,0,0,0,0,98,47,25,0,0,0,0,0,97,0
2023330060,APPROJ1237,M,0,0,0,0,0,0,0,0,0,0,0,0,0,0,0,0,0,0,0,0,0,0,0,0,100,43,25,0,0,0,0,0,90,0
2023330024,APPROJ1237,M,0,0,0,0,0,0,0,0,0,0,0,0,0,0,0,0,0,0,0,0,0,0,0,0,94,45,16,0,0,0,0,0,81,0
2023330054,APPROJ1237,M,0,0,0,0,0,0,0,0,0,0,0,0,0,0,0,0,0,0,0,0,0,0,0,0,88,43,20,0,0,0,0,0,88,0
2023230038,APPROJ1237,M,0,0,0,0,0,0,0,0,0,0,0,0,0,0,0,0,0,0,0,0,0,0,0,0,88,47,25,0,0,0,0,0,88,0
2021230025,APPROJ1237,M,0,0,0,0,0,0,0,0,0,0,0,0,0,0,0,0,0,0,0,0,0,0,0,0,94,45,25,0,0,0,0,0,87,0
2023330077,APPROJ1237,M,0,0,0,0,0,0,0,0,0,0,0,0,0,0,0,0,0,0,0,0,0,0,0,0,94,47,25,0,0,0,0,0,97,0
2023230059,APPROJ1237,M,0,0,0,0,0,0,0,0,0,0,0,0,0,0,0,0,0,0,0,0,0,0,0,0,98,47,20,0,0,0,0,0,91,0
2023330080,APPROJ1237,M,0,0,0,0,0,0,0,0,0,0,0,0,0,0,0,0,0,0,0,0,0,0,0,0,98,43,20,0,0,0,0,0,90,0
20241030143,INTCOMC241,M,0,0,0,0,0,0,0,0,0,0,0,0,0,0,0,0,0,0,16,30,30,35,0,0,88,50,0,0,0,0,0,0,65,95
20241031590,INTCOMC241,M,0,0,0,0,0,0,0,0,0,0,0,0,0,0,0,0,0,0,20,47,28,40,0,0,85,50,0,0,0,0,0,0,80,95
20241030089,INTCOMC241,M,0,0,0,0,0,0,0,0,0,0,0,0,0,0,0,0,0,0,12,45,30,40,0,0,88,50,0,0,0,0,0,0,58,95
20241031382,INTCOMC241,M,0,0,0,0,0,0,0,0,0,0,0,0,0,0,0,0,0,0,0,33,24,30,0,0,88,50,0,0,0,0,0,0,47,95
20241031331,INTCOMC241,M,0,0,0,0,0,0,0,0,0,0,0,0,0,0,0,0,0,0,16,32,30,40,2,0,90,50,0,0,0,0,0,0,67,90
20241030194,INTCOMC241,M,0,0,0,0,0,0,0,0,0,0,0,0,0,0,0,0,0,0,20,43,28,40,5,0,88,50,0,0,0,0,0,0,78,100
20241031626,INTCOMC241,M,0,0,0,0,0,0,0,0,0,0,0,0,0,0,0,0,0,0,12,39,30,40,6,0,85,50,0,0,0,0,0,0,79,90
20241031374,INTCOMC241,M,0,0,0,0,0,0,0,0,0,0,0,0,0,0,0,0,0,0,20,49,30,40,0,0,90,50,0,0,0,0,0,0,63,85
20241030065,INTCOMC241,M,0,0,0,0,0,0,0,0,0,0,0,0,0,0,0,0,0,0,12,36,28,40,2,0,88,50,0,0,0,0,0,0,60,85
20241031624,INTCOMC241,M,0,0,0,0,0,0,0,0,0,0,0,0,0,0,0,0,0,0,20,40,26,40,3,0,92,50,0,0,0,0,0,0,80,100
20241031433,INTCOMC241,M,0,0,0,0,0,0,0,0,0,0,0,0,0,0,0,0,0,0,20,42,30,40,5,0,90,50,0,0,0,0,0,0,80,100
20241030172,INTCOMC241,M,0,0,0,0,0,0,0,0,0,0,0,0,0,0,0,0,0,0,16,39,24,40,1,0,88,50,0,0,0,0,0,0,68,80
20241031411,INTCOMC241,M,0,0,0,0,0,0,0,0,0,0,0,0,0,0,0,0,0,0,16,40,26,40,0,0,88,50,0,0,0,0,0,0,80,98
20241030091,INTCOMC241,M,0,0,0,0,0,0,0,0,0,0,0,0,0,0,0,0,0,0,16,18,30,40,0,0,80,50,0,0,0,0,0,0,73,95
20241030179,INTCOMC241,M,0,0,0,0,0,0,0,0,0,0,0,0,0,0,0,0,0,0,16,39,28,40,2,0,85,50,0,0,0,0,0,0,64,90
20241031366,INTCOMC241,M,0,0,0,0,0,0,0,0,0,0,0,0,0,0,0,0,0,0,12,5,15,25,0,0,80,40,0,0,0,0,0,0,55,95
20241038081,INTCOMC241,M,0,0,0,0,0,0,0,0,0,0,0,0,0,0,0,0,0,0,16,43,30,40,0,0,89,50,0,0,0,0,0,0,78,95
20241031349,INTCOMC241,M,0,0,0,0,0,0,0,0,0,0,0,0,0,0,0,0,0,0,12,43,28,40,2,0,85,50,0,0,0,0,0,0,76,75
20241031482,INTCOMC241,M,0,0,0,0,0,0,0,0,0,0,0,0,0,0,0,0,0,0,16,44,0,30,0,0,90,0,0,0,0,0,0,0,72,80
20241030150,INTCOMC241,M,0,0,0,0,0,0,0,0,0,0,0,0,0,0,0,0,0,0,16,44,26,40,0,0,88,50,0,0,0,0,0,0,61,95
20241031486,INTCOMC241,M,0,0,0,0,0,0,0,0,0,0,0,0,0,0,0,0,0,0,20,48,30,40,2,0,85,50,0,0,0,0,0,0,80,92
20241031505,INTCOMC241,M,0,0,0,0,0,0,0,0,0,0,0,0,0,0,0,0,0,0,6,32,28,40,0,0,85,50,0,0,0,0,0,0,62,95
2022131284,INTCOMC241,M,0,0,0,0,0,0,0,0,0,0,0,0,0,0,0,0,0,0,0,11,24,15,0,0,0,50,0,0,0,0,0,0,71,75
20241030005,INTCOMC241,M,0,0,0,0,0,0,0,0,0,0,0,0,0,0,0,0,0,0,0,0,0,0,0,0,0,0,0,0,0,0,0,0,,
20241031206,INTCOMC241,M,0,0,0,0,0,0,0,0,0,0,0,0,0,0,0,0,0,0,20,50,26,40,2,0,90,50,0,0,0,0,0,0,80,95
20241034496,INTCOMC241,M,0,0,0,0,0,0,0,0,0,0,0,0,0,0,0,0,0,0,0,41,0,20,0,0,85,50,0,0,0,0,0,0,82,80
20241030116,INTCOMC241,M,0,0,0,0,0,0,0,0,0,0,0,0,0,0,0,0,0,0,16,37,24,40,0,0,88,50,0,0,0,0,0,0,57,80
20241030021,INTCOMC241,M,0,0,0,0,0,0,0,0,0,0,0,0,0,0,0,0,0,0,16,40,30,40,0,0,91,50,0,0,0,0,0,0,76,85
20241031570,INTCOMC241,M,0,0,0,0,0,0,0,0,0,0,0,0,0,0,0,0,0,0,16,47,30,40,3,0,89,50,0,0,0,0,0,0,76,100
20241031630,INTCOMC241,M,0,0,0,0,0,0,0,0,0,0,0,0,0,0,0,0,0,0,12,44,26,40,0,0,92,50,0,0,0,0,0,0,73,95
20241031562,INTCOMC241,M,0,0,0,0,0,0,0,0,0,0,0,0,0,0,0,0,0,0,20,50,26,40,0,0,90,50,0,0,0,0,0,0,72,95
20241031523,INTCOMC241,M,0,0,0,0,0,0,0,0,0,0,0,0,0,0,0,0,0,0,20,46,26,40,0,0,91,50,0,0,0,0,0,0,76,95
20241031348,INTCOMC241,M,0,0,0,0,0,0,0,0,0,0,0,0,0,0,0,0,0,0,20,40,28,40,0,0,90,50,0,0,0,0,0,0,79,85
20241031342,INTCOMC241,M,0,0,0,0,0,0,0,0,0,0,0,0,0,0,0,0,0,0,20,49,30,40,6,0,92,50,0,0,0,0,0,0,78,95
20241030019,INTCOMC241,M,0,0,0,0,0,0,0,0,0,0,0,0,0,0,0,0,0,0,20,48,30,40,4,0,88,50,0,0,0,0,0,0,80,100
20241030147,INTCOMC241,M,0,0,0,0,0,0,0,0,0,0,0,0,0,0,0,0,0,0,20,49,26,40,5,0,89,50,0,0,0,0,0,0,79,95
20241030032,INTCOMC241,M,0,0,0,0,0,0,0,0,0,0,0,0,0,0,0,0,0,0,20,32,30,40,2,0,90,50,0,0,0,0,0,0,68,90
20241031625,INTCOMC241,M,0,0,0,0,0,0,0,0,0,0,0,0,0,0,0,0,0,0,16,40,30,40,1,0,85,50,0,0,0,0,0,0,78,90
20241030175,INTCOMC241,M,0,0,0,0,0,0,0,0,0,0,0,0,0,0,0,0,0,0,16,43,30,40,0,0,88,50,0,0,0,0,0,0,70,95
20241031237,INTCOMC241,M,0,0,0,0,0,0,0,0,0,0,0,0,0,0,0,0,0,0,16,30,0,35,0,0,0,0,0,0,0,0,0,0,54,0
20241030101,INTCOMC241,M,0,0,0,0,0,0,0,0,0,0,0,0,0,0,0,0,0,0,12,43,30,40,0,0,90,50,0,0,0,0,0,0,79,85
20241035282,INTCOMC244,M,0,0,0,0,0,0,0,0,0,0,0,0,0,0,0,0,0,0,20,41,30,40,2,0,90,50,0,0,0,0,0,0,69,90
20241039838,INTCOMC244,M,0,0,0,0,0,0,0,0,0,0,0,0,0,0,0,0,0,0,16,46,30,35,2,0,94,50,0,0,0,0,0,0,75,90
20241039283,INTCOMC244,M,0,0,0,0,0,0,0,0,0,0,0,0,0,0,0,0,0,0,20,50,30,40,0,0,94,50,0,0,0,0,0,0,80,97
20241030800,INTCOMC244,M,0,0,0,0,0,0,0,0,0,0,0,0,0,0,0,0,0,0,12,46,28,35,3,0,89,50,0,0,0,0,0,0,72,90
20241039194,INTCOMC244,M,0,0,0,0,0,0,0,0,0,0,0,0,0,0,0,0,0,0,16,46,30,40,8,0,90,50,0,0,0,0,0,0,69,95
20241035256,INTCOMC244,M,0,0,0,0,0,0,0,0,0,0,0,0,0,0,0,0,0,0,20,48,30,40,0,0,90,50,0,0,0,0,0,0,73,90
20241033653,INTCOMC244,M,0,0,0,0,0,0,0,0,0,0,0,0,0,0,0,0,0,0,12,47,30,40,6,0,92,50,0,0,0,0,0,0,58,85
20241033153,INTCOMC244,M,0,0,0,0,0,0,0,0,0,0,0,0,0,0,0,0,0,0,15,30,26,40,1,0,95,50,0,0,0,0,0,0,58,85
20241037153,INTCOMC244,M,0,0,0,0,0,0,0,0,0,0,0,0,0,0,0,0,0,0,12,48,26,40,2,0,89,50,0,0,0,0,0,0,75,85
20241035460,INTCOMC244,M,0,0,0,0,0,0,0,0,0,0,0,0,0,0,0,0,0,0,20,48,28,33,3,0,84,50,0,0,0,0,0,0,74,80
20241035043,INTCOMC244,M,0,0,0,0,0,0,0,0,0,0,0,0,0,0,0,0,0,0,12,36,30,35,0,0,92,50,0,0,0,0,0,0,72,85
20241034474,INTCOMC244,M,0,0,0,0,0,0,0,0,0,0,0,0,0,0,0,0,0,0,0,47,15,20,0,0,65,40,0,0,0,0,0,0,65,90
20241036663,INTCOMC244,M,0,0,0,0,0,0,0,0,0,0,0,0,0,0,0,0,0,0,20,50,30,40,5,0,85,50,0,0,0,0,0,0,71,90
20241036362,INTCOMC244,M,0,0,0,0,0,0,0,0,0,0,0,0,0,0,0,0,0,0,20,44,30,40,0,0,90,50,0,0,0,0,0,0,76,95
20241034576,INTCOMC244,M,0,0,0,0,0,0,0,0,0,0,0,0,0,0,0,0,0,0,20,47,30,40,3,0,84,50,0,0,0,0,0,0,78,85
20241033862,INTCOMC244,M,0,0,0,0,0,0,0,0,0,0,0,0,0,0,0,0,0,0,20,40,30,40,0,0,92,50,0,0,0,0,0,0,79,85
20241037941,INTCOMC244,M,0,0,0,0,0,0,0,0,0,0,0,0,0,0,0,0,0,0,16,50,28,40,5,0,84,50,0,0,0,0,0,0,66,80
20241030375,INTCOMC244,M,0,0,0,0,0,0,0,0,0,0,0,0,0,0,0,0,0,0,16,44,30,40,5,0,90,50,0,0,0,0,0,0,67,85
20241037316,INTCOMC244,M,0,0,0,0,0,0,0,0,0,0,0,0,0,0,0,0,0,0,16,48,30,40,1,0,94,50,0,0,0,0,0,0,70,85
20241031135,INTCOMC244,M,0,0,0,0,0,0,0,0,0,0,0,0,0,0,0,0,0,0,20,37,30,35,2,0,92,50,0,0,0,0,0,0,71,90
20241034166,INTCOMC244,M,0,0,0,0,0,0,0,0,0,0,0,0,0,0,0,0,0,0,16,50,26,40,2,0,84,50,0,0,0,0,0,0,65,75
20241038655,INTCOMC244,M,0,0,0,0,0,0,0,0,0,0,0,0,0,0,0,0,0,0,16,51,26,40,6,0,94,50,0,0,0,0,0,0,68,85
20241033801,INTCOMC244,M,0,0,0,0,0,0,0,0,0,0,0,0,0,0,0,0,0,0,20,50,30,35,8,0,90,50,0,0,0,0,0,0,74,85
20241035683,INTCOMC244,M,0,0,0,0,0,0,0,0,0,0,0,0,0,0,0,0,0,0,12,51,26,40,1,0,94,50,0,0,0,0,0,0,70,85
20241037713,INTCOMC244,M,0,0,0,0,0,0,0,0,0,0,0,0,0,0,0,0,0,0,16,43,26,40,4,0,93,50,0,0,0,0,0,0,77,75
20241037149,INTCOMC244,M,0,0,0,0,0,0,0,0,0,0,0,0,0,0,0,0,0,0,20,50,30,40,6,0,95,50,0,0,0,0,0,0,80,96
20241038547,INTCOMC244,M,0,0,0,0,0,0,0,0,0,0,0,0,0,0,0,0,0,0,16,37,26,40,2,0,92,50,0,0,0,0,0,0,70,75
20241035870,INTCOMC244,M,0,0,0,0,0,0,0,0,0,0,0,0,0,0,0,0,0,0,20,49,28,35,5,0,89,50,0,0,0,0,0,0,71,90
20241033888,INTCOMC244,M,0,0,0,0,0,0,0,0,0,0,0,0,0,0,0,0,0,0,16,50,26,40,1,0,83,50,0,0,0,0,0,0,64,80
20241032167,INTCOMC244,M,0,0,0,0,0,0,0,0,0,0,0,0,0,0,0,0,0,0,20,47,30,40,2,0,90,50,0,0,0,0,0,0,76,90
20241038326,INTCOMC244,M,0,0,0,0,0,0,0,0,0,0,0,0,0,0,0,0,0,0,20,49,30,40,1,0,83,50,0,0,0,0,0,0,69,80
20241035285,INTCOMC244,M,0,0,0,0,0,0,0,0,0,0,0,0,0,0,0,0,0,0,12,42,30,40,0,0,92,50,0,0,0,0,0,0,68,85
20241034996,INTCOMC244,M,0,0,0,0,0,0,0,0,0,0,0,0,0,0,0,0,0,0,16,50,25,35,1,0,89,45,0,0,0,0,0,0,55,75
20241032160,INTCOMC244,M,0,0,0,0,0,0,0,0,0,0,0,0,0,0,0,0,0,0,8,17,0,20,2,0,89,40,0,0,0,0,0,0,63,85
20241036812,INTCOMC244,M,0,0,0,0,0,0,0,0,0,0,0,0,0,0,0,0,0,0,20,49,30,40,7,0,89,50,0,0,0,0,0,0,80,90
20241034990,INTCOMC244,M,0,0,0,0,0,0,0,0,0,0,0,0,0,0,0,0,0,0,20,48,30,40,5,0,90,50,0,0,0,0,0,0,67,85
20241036091,INTCOMC244,M,0,0,0,0,0,0,0,0,0,0,0,0,0,0,0,0,0,0,16,47,30,35,2,0,95,50,0,0,0,0,0,0,77,95
20241038976,INTCOMC244,M,0,0,0,0,0,0,0,0,0,0,0,0,0,0,0,0,0,0,20,51,30,40,2,0,94,50,0,0,0,0,0,0,73,95
20241033188,INTCOMC244,M,0,0,0,0,0,0,0,0,0,0,0,0,0,0,0,0,0,0,20,47,30,40,2,0,90,50,0,0,0,0,0,0,78,80
20241035680,INTCOMC245,M,0,0,0,0,0,0,0,0,0,0,0,0,0,0,0,0,0,0,16,41,24,38,0,0,93,50,0,0,0,0,0,0,63,80
20241030787,INTCOMC245,M,0,0,0,0,0,0,0,0,0,0,0,0,0,0,0,0,0,0,20,43,30,40,3,0,90,50,0,0,0,0,0,0,73,95
20241033621,INTCOMC245,M,0,0,0,0,0,0,0,0,0,0,0,0,0,0,0,0,0,0,20,45,24,40,1,0,92,50,0,0,0,0,0,0,68,80
20241032736,INTCOMC245,M,0,0,0,0,0,0,0,0,0,0,0,0,0,0,0,0,0,0,12,0,30,15,0,0,0,50,0,0,0,0,0,0,58,90
20241039722,INTCOMC245,M,0,0,0,0,0,0,0,0,0,0,0,0,0,0,0,0,0,0,16,43,30,20,0,0,91,50,0,0,0,0,0,0,0,90
2022230112,INTCOMC245,M,0,0,0,0,0,0,0,0,0,0,0,0,0,0,0,0,0,0,15,18,20,18,0,0,85,40,0,0,0,0,0,0,76,87
20241031125,INTCOMC245,M,0,0,0,0,0,0,0,0,0,0,0,0,0,0,0,0,0,0,20,36,26,40,4,0,93,50,0,0,0,0,0,0,77,80
20241032615,INTCOMC245,M,0,0,0,0,0,0,0,0,0,0,0,0,0,0,0,0,0,0,16,44,30,40,3,0,81,50,0,0,0,0,0,0,63,95
20241036375,INTCOMC245,M,0,0,0,0,0,0,0,0,0,0,0,0,0,0,0,0,0,0,20,44,26,38,3,0,90,50,0,0,0,0,0,0,72,85
20241036308,INTCOMC245,M,0,0,0,0,0,0,0,0,0,0,0,0,0,0,0,0,0,0,20,27,30,35,3,0,90,50,0,0,0,0,0,0,70,80
20241030841,INTCOMC245,M,0,0,0,0,0,0,0,0,0,0,0,0,0,0,0,0,0,0,20,39,30,40,1,0,92,50,0,0,0,0,0,0,80,95
20241036651,INTCOMC245,M,0,0,0,0,0,0,0,0,0,0,0,0,0,0,0,0,0,0,20,41,28,40,2,0,90,50,0,0,0,0,0,0,80,95
20241038449,INTCOMC245,M,0,0,0,0,0,0,0,0,0,0,0,0,0,0,0,0,0,0,18,31,26,40,0,0,90,50,0,0,0,0,0,0,56,85
20241037669,INTCOMC245,M,0,0,0,0,0,0,0,0,0,0,0,0,0,0,0,0,0,0,16,39,30,40,2,0,92,50,0,0,0,0,0,0,70,95
20241034854,INTCOMC245,M,0,0,0,0,0,0,0,0,0,0,0,0,0,0,0,0,0,0,20,43,30,35,7,0,92,50,0,0,0,0,0,0,80,100
20241038624,INTCOMC245,M,0,0,0,0,0,0,0,0,0,0,0,0,0,0,0,0,0,0,20,41,28,40,4,0,93,50,0,0,0,0,0,0,78,95
20241038230,INTCOMC245,M,0,0,0,0,0,0,0,0,0,0,0,0,0,0,0,0,0,0,20,49,30,40,3,0,92,50,0,0,0,0,0,0,80,100
20241036521,INTCOMC245,M,0,0,0,0,0,0,0,0,0,0,0,0,0,0,0,0,0,0,20,45,30,35,2,0,80,50,0,0,0,0,0,0,68,80
20241034519,INTCOMC245,M,0,0,0,0,0,0,0,0,0,0,0,0,0,0,0,0,0,0,20,51,30,40,7,0,93,50,0,0,0,0,0,0,80,100
20241036624,INTCOMC245,M,0,0,0,0,0,0,0,0,0,0,0,0,0,0,0,0,0,0,16,42,30,38,1,0,91,50,0,0,0,0,0,0,70,90
20241033141,INTCOMC245,M,0,0,0,0,0,0,0,0,0,0,0,0,0,0,0,0,0,0,20,32,28,30,2,0,91,50,0,0,0,0,0,0,80,86
20241036774,INTCOMC245,M,0,0,0,0,0,0,0,0,0,0,0,0,0,0,0,0,0,0,20,45,28,40,5,0,91,50,0,0,0,0,0,0,78,95
20241033665,INTCOMC245,M,0,0,0,0,0,0,0,0,0,0,0,0,0,0,0,0,0,0,16,31,28,40,1,0,91,50,0,0,0,0,0,0,66,80
20241030419,INTCOMC245,M,0,0,0,0,0,0,0,0,0,0,0,0,0,0,0,0,0,0,20,42,30,35,2,0,92,50,0,0,0,0,0,0,80,100
20241032467,INTCOMC245,M,0,0,0,0,0,0,0,0,0,0,0,0,0,0,0,0,0,0,12,25,30,30,1,0,90,50,0,0,0,0,0,0,70,90
20241036478,INTCOMC245,M,0,0,0,0,0,0,0,0,0,0,0,0,0,0,0,0,0,0,16,43,30,40,5,0,90,50,0,0,0,0,0,0,80,95
20241033410,INTCOMC245,M,0,0,0,0,0,0,0,0,0,0,0,0,0,0,0,0,0,0,16,45,30,40,4,0,92,50,0,0,0,0,0,0,80,100
20241034870,INTCOMC245,M,0,0,0,0,0,0,0,0,0,0,0,0,0,0,0,0,0,0,16,41,30,26,3,0,91,0,0,0,0,0,0,0,74,95
20241035314,INTCOMC245,M,0,0,0,0,0,0,0,0,0,0,0,0,0,0,0,0,0,0,20,40,28,40,1,0,81,50,0,0,0,0,0,0,76,80
20241034370,INTCOMC245,M,0,0,0,0,0,0,0,0,0,0,0,0,0,0,0,0,0,0,18,47,30,40,2,0,91,50,0,0,0,0,0,0,73,80
20241031182,INTCOMC245,M,0,0,0,0,0,0,0,0,0,0,0,0,0,0,0,0,0,0,20,41,30,40,3,0,93,50,0,0,0,0,0,0,75,95
20241033177,INTCOMC245,M,0,0,0,0,0,0,0,0,0,0,0,0,0,0,0,0,0,0,12,35,30,40,0,0,80,50,0,0,0,0,0,0,0,95
20241038739,INTCOMC245,M,0,0,0,0,0,0,0,0,0,0,0,0,0,0,0,0,0,0,16,44,28,35,0,0,91,50,0,0,0,0,0,0,68,95
20241036242,INTCOMC245,M,0,0,0,0,0,0,0,0,0,0,0,0,0,0,0,0,0,0,16,45,24,40,0,0,80,50,0,0,0,0,0,0,52,80
20241036246,INTCOMC245,M,0,0,0,0,0,0,0,0,0,0,0,0,0,0,0,0,0,0,16,43,24,35,0,0,81,50,0,0,0,0,0,0,64,80
20241038526,INTCOMC245,M,0,0,0,0,0,0,0,0,0,0,0,0,0,0,0,0,0,0,20,41,28,40,1,0,93,50,0,0,0,0,0,0,79,80
20241034116,INTCOMC245,M,0,0,0,0,0,0,0,0,0,0,0,0,0,0,0,0,0,0,16,46,30,40,4,0,93,50,0,0,0,0,0,0,70,90
20241035455,INTCOMC245,M,0,0,0,0,0,0,0,0,0,0,0,0,0,0,0,0,0,0,12,39,30,38,2,0,82,50,0,0,0,0,0,0,70,90
20241038187,INTCOMC245,M,0,0,0,0,0,0,0,0,0,0,0,0,0,0,0,0,0,0,8,39,26,40,0,0,92,0,0,0,0,0,0,0,55,85
20241038415,INTCOMC245,M,0,0,0,0,0,0,0,0,0,0,0,0,0,0,0,0,0,0,20,45,30,40,2,0,82,50,0,0,0,0,0,0,80,99
20241032627,INTCOMC246,M,0,0,0,0,0,0,0,0,0,0,0,0,0,0,0,0,0,0,12,21,29,35,0,0,88,0,0,0,0,0,0,0,73,95
20241033981,INTCOMC246,M,0,0,0,0,0,0,0,0,0,0,0,0,0,0,0,0,0,0,20,41,29,40,2,0,92,50,0,0,0,0,0,0,75,90
20241035767,INTCOMC246,M,0,0,0,0,0,0,0,0,0,0,0,0,0,0,0,0,0,0,16,42,30,40,0,0,88,50,0,0,0,0,0,0,80,97
20241033992,INTCOMC246,M,0,0,0,0,0,0,0,0,0,0,0,0,0,0,0,0,0,0,16,30,30,40,0,0,90,50,0,0,0,0,0,0,56,80
20241036727,INTCOMC246,M,0,0,0,0,0,0,0,0,0,0,0,0,0,0,0,0,0,0,16,36,30,40,0,0,88,50,0,0,0,0,0,0,69,80
20241037063,INTCOMC246,M,0,0,0,0,0,0,0,0,0,0,0,0,0,0,0,0,0,0,16,38,28,40,0,0,91,50,0,0,0,0,0,0,63,80
20241033781,INTCOMC246,M,0,0,0,0,0,0,0,0,0,0,0,0,0,0,0,0,0,0,18,25,28,40,0,0,91,50,0,0,0,0,0,0,70,80
20241032565,INTCOMC246,M,0,0,0,0,0,0,0,0,0,0,0,0,0,0,0,0,0,0,10,48,30,40,1,0,88,50,0,0,0,0,0,0,75,90
20241034486,INTCOMC246,M,0,0,0,0,0,0,0,0,0,0,0,0,0,0,0,0,0,0,20,39,30,40,2,0,92,50,0,0,0,0,0,0,80,97
20241033396,INTCOMC246,M,0,0,0,0,0,0,0,0,0,0,0,0,0,0,0,0,0,0,20,50,30,40,8,0,90,50,0,0,0,0,0,0,80,92
20241033709,INTCOMC246,M,0,0,0,0,0,0,0,0,0,0,0,0,0,0,0,0,0,0,16,30,30,40,0,0,90,50,0,0,0,0,0,0,70,90
20241039038,INTCOMC246,M,0,0,0,0,0,0,0,0,0,0,0,0,0,0,0,0,0,0,20,42,30,35,0,0,92,50,0,0,0,0,0,0,64,95
20241036920,INTCOMC246,M,0,0,0,0,0,0,0,0,0,0,0,0,0,0,0,0,0,0,16,35,0,30,0,0,91,50,0,0,0,0,0,0,68,80
20241033572,INTCOMC246,M,0,0,0,0,0,0,0,0,0,0,0,0,0,0,0,0,0,0,16,39,30,30,4,0,88,50,0,0,0,0,0,0,70,95
20241034237,INTCOMC246,M,0,0,0,0,0,0,0,0,0,0,0,0,0,0,0,0,0,0,16,44,30,40,6,0,91,50,0,0,0,0,0,0,71,80
20241038244,INTCOMC246,M,0,0,0,0,0,0,0,0,0,0,0,0,0,0,0,0,0,0,20,37,30,40,5,0,92,50,0,0,0,0,0,0,73,95
20241036970,INTCOMC246,M,0,0,0,0,0,0,0,0,0,0,0,0,0,0,0,0,0,0,16,38,30,40,0,0,91,50,0,0,0,0,0,0,68,80
20241037736,INTCOMC246,M,0,0,0,0,0,0,0,0,0,0,0,0,0,0,0,0,0,0,20,44,30,40,5,0,91,50,0,0,0,0,0,0,80,97
20241030607,INTCOMC246,M,0,0,0,0,0,0,0,0,0,0,0,0,0,0,0,0,0,0,20,46,30,40,7,0,88,50,0,0,0,0,0,0,80,95
20241038601,INTCOMC246,M,0,0,0,0,0,0,0,0,0,0,0,0,0,0,0,0,0,0,20,35,30,40,0,0,91,50,0,0,0,0,0,0,70,80
20241030971,INTCOMC246,M,0,0,0,0,0,0,0,0,0,0,0,0,0,0,0,0,0,0,16,32,26,40,0,0,90,50,0,0,0,0,0,0,71,95
20241030784,INTCOMC246,M,0,0,0,0,0,0,0,0,0,0,0,0,0,0,0,0,0,0,16,26,30,40,0,0,88,40,0,0,0,0,0,0,70,95
20241032291,INTCOMC246,M,0,0,0,0,0,0,0,0,0,0,0,0,0,0,0,0,0,0,20,49,30,30,0,0,88,45,0,0,0,0,0,0,77,80
20241038296,INTCOMC246,M,0,0,0,0,0,0,0,0,0,0,0,0,0,0,0,0,0,0,16,43,26,40,5,0,88,50,0,0,0,0,0,0,77,80
20241036424,INTCOMC246,M,0,0,0,0,0,0,0,0,0,0,0,0,0,0,0,0,0,0,16,38,26,40,1,0,89,50,0,0,0,0,0,0,71,95
20241036866,INTCOMC246,M,0,0,0,0,0,0,0,0,0,0,0,0,0,0,0,0,0,0,16,43,30,35,4,0,88,50,0,0,0,0,0,0,80,96
20241033638,INTCOMC246,M,0,0,0,0,0,0,0,0,0,0,0,0,0,0,0,0,0,0,16,31,29,35,4,0,88,0,0,0,0,0,0,0,70,80
2022131841,INTCOMC246,M,0,0,0,0,0,0,0,0,0,0,0,0,0,0,0,0,0,0,16,42,30,38,1,0,91,50,0,0,0,0,0,0,80,93
20241030997,INTCOMC246,M,0,0,0,0,0,0,0,0,0,0,0,0,0,0,0,0,0,0,20,35,29,40,0,0,88,50,0,0,0,0,0,0,80,92
20241035387,INTCOMC246,M,0,0,0,0,0,0,0,0,0,0,0,0,0,0,0,0,0,0,20,49,30,35,7,0,92,50,0,0,0,0,0,0,79,90
20241032173,INTCOMC246,M,0,0,0,0,0,0,0,0,0,0,0,0,0,0,0,0,0,0,20,30,30,40,2,0,91,50,0,0,0,0,0,0,80,84
20241038818,INTCOMC246,M,0,0,0,0,0,0,0,0,0,0,0,0,0,0,0,0,0,0,12,26,28,40,0,0,91,50,0,0,0,0,0,0,64,80
20241035110,INTCOMC246,M,0,0,0,0,0,0,0,0,0,0,0,0,0,0,0,0,0,0,16,41,0,25,0,0,90,0,0,0,0,0,0,0,,
20241030751,INTCOMC246,M,0,0,0,0,0,0,0,0,0,0,0,0,0,0,0,0,0,0,16,40,30,40,0,0,91,50,0,0,0,0,0,0,70,80
20241037450,INTCOMC246,M,0,0,0,0,0,0,0,0,0,0,0,0,0,0,0,0,0,0,16,36,26,40,3,0,88,50,0,0,0,0,0,0,80,82
20241036686,INTCOMC246,M,0,0,0,0,0,0,0,0,0,0,0,0,0,0,0,0,0,0,16,37,30,40,6,0,88,50,0,0,0,0,0,0,72,95
20241036365,INTCOMC246,M,0,0,0,0,0,0,0,0,0,0,0,0,0,0,0,0,0,0,16,46,30,40,0,0,90,50,0,0,0,0,0,0,63,80
20241034357,INTCOMC246,M,0,0,0,0,0,0,0,0,0,0,0,0,0,0,0,0,0,0,16,28,28,40,0,0,91,50,0,0,0,0,0,0,65,80
20241035121,INTCOMC246,M,0,0,0,0,0,0,0,0,0,0,0,0,0,0,0,0,0,0,20,41,30,40,1,0,92,50,0,0,0,0,0,0,80,93
20241030913,INTCOMC246,M,0,0,0,0,0,0,0,0,0,0,0,0,0,0,0,0,0,0,20,40,30,40,0,0,88,50,0,0,0,0,0,0,61,80
2023132517,USERDES233,M,0,0,0,0,0,0,0,0,0,0,0,0,0,0,0,0,0,0,20,15,15,35,2,0,95,45,85,100,0,0,0,0,74,0
2020130587,USERDES233,M,0,0,0,0,0,0,0,0,0,0,0,0,0,0,0,0,0,0,0,0,0,0,0,0,0,0,0,0,0,0,0,0,0,0
2023131655,USERDES233,M,0,0,0,0,0,0,0,0,0,0,0,0,0,0,0,0,0,0,20,11,12,40,0,0,96,40,90,100,0,0,0,0,50,0
2023131833,USERDES233,M,0,0,0,0,0,0,0,0,0,0,0,0,0,0,0,0,0,0,20,16,15,35,1,0,90,40,92,100,0,0,0,0,91,0
2023132591,USERDES233,M,0,0,0,0,0,0,0,0,0,0,0,0,0,0,0,0,0,0,20,16,13,30,0,0,93,40,92,100,0,0,0,0,85,0
2023131829,USERDES233,M,0,0,0,0,0,0,0,0,0,0,0,0,0,0,0,0,0,0,20,19,14,40,0,0,100,45,94,100,0,0,0,0,94,0
2023133277,USERDES233,M,0,0,0,0,0,0,0,0,0,0,0,0,0,0,0,0,0,0,20,15,15,35,3,0,100,30,89,100,0,0,0,0,100,0
2022330062,USERDES233,M,0,0,0,0,0,0,0,0,0,0,0,0,0,0,0,0,0,0,20,13,14,40,2,0,98,30,92,100,0,0,0,0,89,0
2023131687,USERDES233,M,0,0,0,0,0,0,0,0,0,0,0,0,0,0,0,0,0,0,20,11,13,40,2,0,93,45,92,100,0,0,0,0,89,0
2023133154,USERDES233,M,0,0,0,0,0,0,0,0,0,0,0,0,0,0,0,0,0,0,20,4,5,40,0,0,100,45,90,100,0,0,0,0,90,0
2023132512,USERDES233,M,0,0,0,0,0,0,0,0,0,0,0,0,0,0,0,0,0,0,20,13,0,20,0,0,0,43,0,0,0,0,0,0,0,0
2023132458,USERDES233,M,0,0,0,0,0,0,0,0,0,0,0,0,0,0,0,0,0,0,20,18,14,30,0,0,100,45,92,100,0,0,0,0,95,0
2023132706,USERDES233,M,0,0,0,0,0,0,0,0,0,0,0,0,0,0,0,0,0,0,20,12,13,40,0,0,100,40,92,100,0,0,0,0,85,0
2023133433,USERDES233,M,0,0,0,0,0,0,0,0,0,0,0,0,0,0,0,0,0,0,20,17,12,40,4,0,100,43,92,100,0,0,0,0,93,0
2023131478,USERDES233,M,0,0,0,0,0,0,0,0,0,0,0,0,0,0,0,0,0,0,20,18,15,35,5,0,100,45,92,100,0,0,0,0,95,0
2023132137,USERDES233,M,0,0,0,0,0,0,0,0,0,0,0,0,0,0,0,0,0,0,20,20,14,40,3,0,98,45,94,100,0,0,0,0,100,0
2023131526,USERDES233,M,0,0,0,0,0,0,0,0,0,0,0,0,0,0,0,0,0,0,20,9,13,40,0,0,100,40,90,100,0,0,0,0,63,0
2023133141,USERDES233,M,0,0,0,0,0,0,0,0,0,0,0,0,0,0,0,0,0,0,20,11,12,40,0,0,100,45,92,100,0,0,0,0,64,0
2023131418,USERDES233,M,0,0,0,0,0,0,0,0,0,0,0,0,0,0,0,0,0,0,20,17,14,40,0,0,100,45,90,100,0,0,0,0,82,0
2023132727,USERDES233,M,0,0,0,0,0,0,0,0,0,0,0,0,0,0,0,0,0,0,20,15,6,35,1,0,100,30,90,100,0,0,0,0,63,0
2023132684,USERDES233,M,0,0,0,0,0,0,0,0,0,0,0,0,0,0,0,0,0,0,20,8,11,40,1,0,96,30,92,100,0,0,0,0,91,0
2023133152,USERDES233,M,0,0,0,0,0,0,0,0,0,0,0,0,0,0,0,0,0,0,20,13,15,35,2,0,90,43,90,100,0,0,0,0,70,0
2022230105,USERDES233,M,0,0,0,0,0,0,0,0,0,0,0,0,0,0,0,0,0,0,20,2,9,35,7,0,95,30,88,90,0,0,0,0,65,0
2022330050,USERDES233,M,0,0,0,0,0,0,0,0,0,0,0,0,0,0,0,0,0,0,20,11,12,40,0,0,95,40,92,100,0,0,0,0,74,0
2023131694,USERDES233,M,0,0,0,0,0,0,0,0,0,0,0,0,0,0,0,0,0,0,20,15,14,40,0,0,100,43,90,0,0,0,0,0,65,0
2023133613,USERDES233,M,0,0,0,0,0,0,0,0,0,0,0,0,0,0,0,0,0,0,20,0,14,25,0,0,0,40,0,0,0,0,0,0,42,0
2023132724,USERDES233,M,0,0,0,0,0,0,0,0,0,0,0,0,0,0,0,0,0,0,20,14,13,40,2,0,98,30,92,100,0,0,0,0,56,0
2023132523,USERDES233,M,0,0,0,0,0,0,0,0,0,0,0,0,0,0,0,0,0,0,20,20,14,40,3,0,100,45,92,100,0,0,0,0,97,0
2022330075,USERDES233,M,0,0,0,0,0,0,0,0,0,0,0,0,0,0,0,0,0,0,20,15,15,40,4,0,100,40,92,100,0,0,0,0,89,0
2020130759,USERDES233,M,0,0,0,0,0,0,0,0,0,0,0,0,0,0,0,0,0,0,20,14,11,35,0,0,0,0,0,0,0,0,0,0,63,0
2023131517,USERDES233,M,0,0,0,0,0,0,0,0,0,0,0,0,0,0,0,0,0,0,20,16,14,40,2,0,95,40,90,100,0,0,0,0,100,0
2023131505,USERDES233,M,0,0,0,0,0,0,0,0,0,0,0,0,0,0,0,0,0,0,20,0,13,35,2,0,95,43,92,100,0,0,0,0,67,0
2023133106,USERDES233,M,0,0,0,0,0,0,0,0,0,0,0,0,0,0,0,0,0,0,20,0,14,25,1,0,90,45,0,100,0,0,0,0,40,0
2023132698,USERDES233,M,0,0,0,0,0,0,0,0,0,0,0,0,0,0,0,0,0,0,15,15,11,40,0,0,90,45,92,90,0,0,0,0,71,0
2023131598,USERDES233,M,0,0,0,0,0,0,0,0,0,0,0,0,0,0,0,0,0,0,20,18,15,40,2,0,98,40,92,100,0,0,0,0,100,0
2022330032,USERDES233,M,0,0,0,0,0,0,0,0,0,0,0,0,0,0,0,0,0,0,20,18,15,40,5,0,95,40,90,100,0,0,0,0,78,0
2023230059,USERDES233,M,0,0,0,0,0,0,0,0,0,0,0,0,0,0,0,0,0,0,20,14,10,35,0,0,93,45,85,100,0,0,0,0,81,0
2022330039,USERDES233,M,0,0,0,0,0,0,0,0,0,0,0,0,0,0,0,0,0,0,20,15,15,35,2,0,98,40,88,100,0,0,0,0,76,0
2023132200,USERDES233,M,0,0,0,0,0,0,0,0,0,0,0,0,0,0,0,0,0,0,20,0,0,20,0,0,0,45,0,0,0,0,0,0,61,0
2023130429,USERDES233,M,0,0,0,0,0,0,0,0,0,0,0,0,0,0,0,0,0,0,20,14,15,40,2,0,95,40,96,100,0,0,0,0,100,0
2023131831,USERDES233,M,0,0,0,0,0,0,0,0,0,0,0,0,0,0,0,0,0,0,20,19,15,40,0,0,98,40,99,100,0,0,0,0,100,0
2023132303,USERDES235,M,0,0,0,0,0,0,0,0,0,0,0,0,0,0,0,0,0,0,20,16,13,40,0,0,45,98,93,100,0,0,0,0,100,0
2023132345,USERDES235,M,0,0,0,0,0,0,0,0,0,0,0,0,0,0,0,0,0,0,20,12,14,45,0,0,40,96,95,0,0,0,0,0,100,0
2023132333,USERDES235,M,0,0,0,0,0,0,0,0,0,0,0,0,0,0,0,0,0,0,20,14,15,45,3,0,45,100,100,100,0,0,0,0,100,0
2023133619,USERDES235,M,0,0,0,0,0,0,0,0,0,0,0,0,0,0,0,0,0,0,20,17,14,45,6,0,43,95,98,100,0,0,0,0,100,0
2023132399,USERDES235,M,0,0,0,0,0,0,0,0,0,0,0,0,0,0,0,0,0,0,20,16,14,45,0,0,45,93,88,100,0,0,0,0,83,0
2023132332,USERDES235,M,0,0,0,0,0,0,0,0,0,0,0,0,0,0,0,0,0,0,20,12,15,45,5,0,50,100,100,100,0,0,0,0,100,0
2023132283,USERDES235,M,0,0,0,0,0,0,0,0,0,0,0,0,0,0,0,0,0,0,20,18,13,45,1,0,40,95,88,100,0,0,0,0,89,0
2023132208,USERDES235,M,0,0,0,0,0,0,0,0,0,0,0,0,0,0,0,0,0,0,20,18,15,45,0,0,40,100,88,100,0,0,0,0,78,0
2023132380,USERDES235,M,0,0,0,0,0,0,0,0,0,0,0,0,0,0,0,0,0,0,20,16,15,45,0,0,35,100,98,100,0,0,0,0,100,0
2023132279,USERDES235,M,0,0,0,0,0,0,0,0,0,0,0,0,0,0,0,0,0,0,20,13,14,45,0,0,45,95,95,100,0,0,0,0,100,0
2023132266,USERDES235,M,0,0,0,0,0,0,0,0,0,0,0,0,0,0,0,0,0,0,20,11,10,45,1,0,45,100,88,100,0,0,0,0,81,0
2023131569,USERDES235,M,0,0,0,0,0,0,0,0,0,0,0,0,0,0,0,0,0,0,0,0,0,0,0,0,0,0,0,0,0,0,0,0,0,0
2023131412,USERDES235,M,0,0,0,0,0,0,0,0,0,0,0,0,0,0,0,0,0,0,20,14,6,45,0,0,35,90,90,100,0,0,0,0,100,0
2023132309,USERDES235,M,0,0,0,0,0,0,0,0,0,0,0,0,0,0,0,0,0,0,20,18,15,40,2,0,45,100,100,100,0,0,0,0,100,0
2023131754,USERDES235,M,0,0,0,0,0,0,0,0,0,0,0,0,0,0,0,0,0,0,20,2,7,38,0,0,45,0,95,0,0,0,0,0,76,0
2023132408,USERDES235,M,0,0,0,0,0,0,0,0,0,0,0,0,0,0,0,0,0,0,0,13,13,35,1,0,43,0,95,100,0,0,0,0,68,0
2023133143,USERDES235,M,0,0,0,0,0,0,0,0,0,0,0,0,0,0,0,0,0,0,0,15,12,40,0,0,45,93,88,100,0,0,0,0,56,0
2023132388,USERDES235,M,0,0,0,0,0,0,0,0,0,0,0,0,0,0,0,0,0,0,20,16,14,45,1,0,45,90,89,100,0,0,0,0,100,0
2023132024,USERDES235,M,0,0,0,0,0,0,0,0,0,0,0,0,0,0,0,0,0,0,20,17,15,45,6,0,50,100,100,100,0,0,0,0,100,0
2023132343,USERDES235,M,0,0,0,0,0,0,0,0,0,0,0,0,0,0,0,0,0,0,20,13,15,45,4,0,50,100,95,100,0,0,0,0,100,0
2023132233,USERDES235,M,0,0,0,0,0,0,0,0,0,0,0,0,0,0,0,0,0,0,20,16,15,45,0,0,45,100,90,100,0,0,0,0,100,0
2023132467,USERDES235,M,0,0,0,0,0,0,0,0,0,0,0,0,0,0,0,0,0,0,20,15,15,45,0,0,43,93,95,100,0,0,0,0,92,0
2023131518,USERDES235,M,0,0,0,0,0,0,0,0,0,0,0,0,0,0,0,0,0,0,20,11,13,45,2,0,40,93,88,100,0,0,0,0,85,0
2023132286,USERDES235,M,0,0,0,0,0,0,0,0,0,0,0,0,0,0,0,0,0,0,20,15,14,35,0,0,40,95,93,100,0,0,0,0,100,0
2023132549,USERDES235,M,0,0,0,0,0,0,0,0,0,0,0,0,0,0,0,0,0,0,20,17,14,40,2,0,43,95,100,100,0,0,0,0,100,0
2023132617,USERDES235,M,0,0,0,0,0,0,0,0,0,0,0,0,0,0,0,0,0,0,20,16,14,45,0,0,43,95,97,100,0,0,0,0,100,0
2023132244,USERDES235,M,0,0,0,0,0,0,0,0,0,0,0,0,0,0,0,0,0,0,20,14,14,45,0,0,45,100,88,90,0,0,0,0,100,0
2023132627,USERDES235,M,0,0,0,0,0,0,0,0,0,0,0,0,0,0,0,0,0,0,20,12,15,40,0,0,45,95,95,100,0,0,0,0,93,0
2023132240,USERDES235,M,0,0,0,0,0,0,0,0,0,0,0,0,0,0,0,0,0,0,20,15,14,45,3,0,45,100,95,100,0,0,0,0,68,0
2023132312,USERDES235,M,0,0,0,0,0,0,0,0,0,0,0,0,0,0,0,0,0,0,20,11,13,45,1,0,40,98,89,100,0,0,0,0,100,0
2023131044,USERDES235,M,0,0,0,0,0,0,0,0,0,0,0,0,0,0,0,0,0,0,20,15,14,45,4,0,43,100,94,100,0,0,0,0,97,0
2023133025,USERDES235,M,0,0,0,0,0,0,0,0,0,0,0,0,0,0,0,0,0,0,20,13,13,45,0,0,35,95,88,100,0,0,0,0,93,0
2023132214,USERDES235,M,0,0,0,0,0,0,0,0,0,0,0,0,0,0,0,0,0,0,20,18,15,45,0,0,45,96,88,100,0,0,0,0,73,0
2023132608,USERDES235,M,0,0,0,0,0,0,0,0,0,0,0,0,0,0,0,0,0,0,20,16,11,45,2,0,43,95,94,100,0,0,0,0,96,0
2023132575,USERDES235,M,0,0,0,0,0,0,0,0,0,0,0,0,0,0,0,0,0,0,20,18,12,45,0,0,35,98,95,100,0,0,0,0,90,0
2023132318,USERDES235,M,0,0,0,0,0,0,0,0,0,0,0,0,0,0,0,0,0,0,20,11,11,45,0,0,35,98,88,100,0,0,0,0,75,0
2023132290,USERDES235,M,0,0,0,0,0,0,0,0,0,0,0,0,0,0,0,0,0,0,20,17,13,45,2,0,45,100,99,100,0,0,0,0,100,0
2023132538,USERDES235,M,0,0,0,0,0,0,0,0,0,0,0,0,0,0,0,0,0,0,20,15,15,40,0,0,40,90,88,100,0,0,0,0,67,0
2023330080,USERDES235,M,0,0,0,0,0,0,0,0,0,0,0,0,0,0,0,0,0,0,20,18,15,45,4,0,43,95,88,100,0,0,0,0,93,0
2023132906,USERDES236,M,0,0,0,0,0,0,0,0,0,0,0,0,0,0,0,0,0,0,20,15,12,43,2,0,43,100,92,100,0,0,0,0,92,0
2023230078,USERDES236,M,0,0,0,0,0,0,0,0,0,0,0,0,0,0,0,0,0,0,20,17,10,43,0,0,40,95,95,100,0,0,0,0,84,0
2023132941,USERDES236,M,0,0,0,0,0,0,0,0,0,0,0,0,0,0,0,0,0,0,20,17,10,21,0,0,43,93,95,100,0,0,0,0,91,0
2023132988,USERDES236,M,0,0,0,0,0,0,0,0,0,0,0,0,0,0,0,0,0,0,0,18,0,30,0,0,50,0,94,0,0,0,0,0,70,0
2022132525,USERDES236,M,0,0,0,0,0,0,0,0,0,0,0,0,0,0,0,0,0,0,20,13,8,36,0,0,43,93,92,100,0,0,0,0,48,0
2023133215,USERDES236,M,0,0,0,0,0,0,0,0,0,0,0,0,0,0,0,0,0,0,20,16,10,35,0,0,50,93,92,100,0,0,0,0,100,0
2023330046,USERDES236,M,0,0,0,0,0,0,0,0,0,0,0,0,0,0,0,0,0,0,20,5,5,25,0,0,45,96,92,100,0,0,0,0,64,0
2023132919,USERDES236,M,0,0,0,0,0,0,0,0,0,0,0,0,0,0,0,0,0,0,20,18,13,30,2,0,50,100,100,100,0,0,0,0,100,0
2023133074,USERDES236,M,0,0,0,0,0,0,0,0,0,0,0,0,0,0,0,0,0,0,20,16,9,35,2,0,50,95,92,100,0,0,0,0,60,0
2023131731,USERDES236,M,0,0,0,0,0,0,0,0,0,0,0,0,0,0,0,0,0,0,20,20,15,40,0,0,50,93,92,100,0,0,0,0,82,0
2023133012,USERDES236,M,0,0,0,0,0,0,0,0,0,0,0,0,0,0,0,0,0,0,20,17,13,36,0,0,48,95,95,100,0,0,0,0,75,0
2023133061,USERDES236,M,0,0,0,0,0,0,0,0,0,0,0,0,0,0,0,0,0,0,20,18,8,36,0,0,40,100,90,90,0,0,0,0,76,0
2023133046,USERDES236,M,0,0,0,0,0,0,0,0,0,0,0,0,0,0,0,0,0,0,20,17,12,34,8,0,43,93,92,0,0,0,0,0,91,0
2023133267,USERDES236,M,0,0,0,0,0,0,0,0,0,0,0,0,0,0,0,0,0,0,20,17,11,34,0,0,40,100,92,100,0,0,0,0,86,0
2023133222,USERDES236,M,0,0,0,0,0,0,0,0,0,0,0,0,0,0,0,0,0,0,20,14,0,35,0,0,43,100,92,50,0,0,0,0,82,0
2023133075,USERDES236,M,0,0,0,0,0,0,0,0,0,0,0,0,0,0,0,0,0,0,20,17,12,43,2,0,43,100,95,100,0,0,0,0,96,0
2023132788,USERDES236,M,0,0,0,0,0,0,0,0,0,0,0,0,0,0,0,0,0,0,20,17,8,45,0,0,48,98,90,100,0,0,0,0,96,0
2023132472,USERDES236,M,0,0,0,0,0,0,0,0,0,0,0,0,0,0,0,0,0,0,20,19,15,40,0,0,40,96,92,100,0,0,0,0,80,0
2023132984,USERDES236,M,0,0,0,0,0,0,0,0,0,0,0,0,0,0,0,0,0,0,20,19,7,31,0,0,48,93,90,100,0,0,0,0,65,0
2023133000,USERDES236,M,0,0,0,0,0,0,0,0,0,0,0,0,0,0,0,0,0,0,20,14,7,28,2,0,48,100,92,100,0,0,0,0,78,0
2023132187,USERDES236,M,0,0,0,0,0,0,0,0,0,0,0,0,0,0,0,0,0,0,20,20,15,45,2,0,48,95,94,100,0,0,0,0,100,0
2023133606,USERDES236,M,0,0,0,0,0,0,0,0,0,0,0,0,0,0,0,0,0,0,20,17,12,45,6,0,45,100,100,100,0,0,0,0,100,0
2023133013,USERDES236,M,0,0,0,0,0,0,0,0,0,0,0,0,0,0,0,0,0,0,20,16,14,40,0,0,50,100,94,100,0,0,0,0,99,0
2023131491,USERDES236,M,0,0,0,0,0,0,0,0,0,0,0,0,0,0,0,0,0,0,20,19,15,45,0,0,43,93,92,100,0,0,0,0,96,0
2023132840,USERDES236,M,0,0,0,0,0,0,0,0,0,0,0,0,0,0,0,0,0,0,20,18,10,45,2,0,43,95,90,100,0,0,0,0,73,0
2023132820,USERDES236,M,0,0,0,0,0,0,0,0,0,0,0,0,0,0,0,0,0,0,20,17,11,45,0,0,50,100,92,100,0,0,0,0,96,0
2023330024,USERDES236,M,0,0,0,0,0,0,0,0,0,0,0,0,0,0,0,0,0,0,20,16,9,37,2,0,43,95,90,100,0,0,0,0,98,0
2023133022,USERDES236,M,0,0,0,0,0,0,0,0,0,0,0,0,0,0,0,0,0,0,20,16,10,43,1,0,43,95,90,100,0,0,0,0,67,0
2023133041,USERDES236,M,0,0,0,0,0,0,0,0,0,0,0,0,0,0,0,0,0,0,20,16,12,45,0,0,43,95,94,100,0,0,0,0,71,0
2023133029,USERDES236,M,0,0,0,0,0,0,0,0,0,0,0,0,0,0,0,0,0,0,20,19,13,45,1,0,43,93,95,90,0,0,0,0,82,0
2023132487,USERDES236,M,0,0,0,0,0,0,0,0,0,0,0,0,0,0,0,0,0,0,20,14,15,45,0,0,43,93,92,100,0,0,0,0,100,0
2023132547,USERDES236,M,0,0,0,0,0,0,0,0,0,0,0,0,0,0,0,0,0,0,20,19,13,45,2,0,40,100,95,100,0,0,0,0,94,0
2023132172,USERDES236,M,0,0,0,0,0,0,0,0,0,0,0,0,0,0,0,0,0,0,20,15,9,45,0,0,50,100,92,100,0,0,0,0,72,0
2023132463,USERDES236,M,0,0,0,0,0,0,0,0,0,0,0,0,0,0,0,0,0,0,20,9,8,45,0,0,40,90,92,100,0,0,0,0,70,0
2023132854,USERDES236,M,0,0,0,0,0,0,0,0,0,0,0,0,0,0,0,0,0,0,20,15,13,38,2,0,48,98,95,100,0,0,0,0,100,0
2023132962,USERDES236,M,0,0,0,0,0,0,0,0,0,0,0,0,0,0,0,0,0,0,20,19,11,43,2,0,40,97,95,100,0,0,0,0,80,0
2023132857,USERDES236,M,0,0,0,0,0,0,0,0,0,0,0,0,0,0,0,0,0,0,20,18,11,45,2,0,43,100,96,100,0,0,0,0,100,0
2023133207,USERDES236,M,0,0,0,0,0,0,0,0,0,0,0,0,0,0,0,0,0,0,20,20,15,43,2,0,43,95,94,100,0,0,0,0,100,0
2023133284,USERDES236,M,0,0,0,0,0,0,0,0,0,0,0,0,0,0,0,0,0,0,20,13,10,43,0,0,40,98,92,100,0,0,0,0,64,0
