2022230109,NETDESM223,F,0,0,0,0,0,0,0,0,0,0,0,0,83,0,25,0,0,0,0,0,0,0,0,0,130,0,45,25,0,0,0,0,100,0
2022131890,NETDESM223,F,0,0,0,0,0,0,0,0,0,0,0,0,80,70,30,10,0,0,0,0,0,0,0,0,0,80,40,25,0,0,0,0,97,0
2022131473,NETDESM223,F,0,0,0,0,0,0,0,0,0,0,0,0,100,97,30,4,0,0,0,0,0,0,0,0,135,100,50,25,0,0,0,0,100,0
2022131840,NETDESM223,F,0,0,0,0,0,0,0,0,0,0,0,0,89,97,35,0,0,0,0,0,0,0,0,0,149,100,0,25,0,0,0,0,95,0
2022134204,NETDESM223,F,0,0,0,0,0,0,0,0,0,0,0,0,83,50,25,0,0,0,0,0,0,0,0,0,115,100,45,25,0,0,0,0,97,0
2022230112,NETDESM223,F,0,0,0,0,0,0,0,0,0,0,0,0,83,97,35,0,0,0,0,0,0,0,0,0,150,100,50,25,0,0,0,0,100,0
2022131597,NETDESM223,F,0,0,0,0,0,0,0,0,0,0,0,0,100,97,35,0,0,0,0,0,0,0,0,0,135,100,40,25,0,0,0,0,100,0
2022131783,NETDESM223,F,0,0,0,0,0,0,0,0,0,0,0,0,86,70,30,0,0,0,0,0,0,0,0,0,134,80,50,25,0,0,0,0,97,0
2022230091,NETDESM223,F,0,0,0,0,0,0,0,0,0,0,0,0,80,50,30,9,0,0,0,0,0,0,0,0,150,100,0,25,0,0,0,0,95,0
2022132163,NETDESM223,F,0,0,0,0,0,0,0,0,0,0,0,0,100,97,30,13,0,0,0,0,0,0,0,0,120,100,50,25,0,0,0,0,100,0
2022134261,NETDESM223,F,0,0,0,0,0,0,0,0,0,0,0,0,80,70,30,2,0,0,0,0,0,0,0,0,0,100,40,25,0,0,0,0,95,0
2022130060,NETDESM223,F,0,0,0,0,0,0,0,0,0,0,0,0,89,97,35,0,0,0,0,0,0,0,0,0,150,100,40,25,0,0,0,0,95,0
2022132009,NETDESM223,F,0,0,0,0,0,0,0,0,0,0,0,0,92,96,25,1,0,0,0,0,0,0,0,0,100,80,50,25,0,0,0,0,97,0
2022330055,NETDESM223,F,0,0,0,0,0,0,0,0,0,0,0,0,89,97,35,0,0,0,0,0,0,0,0,0,150,100,50,25,0,0,0,0,95,0
2022133490,NETDESM223,F,0,0,0,0,0,0,0,0,0,0,0,0,0,97,30,2,0,0,0,0,0,0,0,0,150,80,50,25,0,0,0,0,95,0
2022134158,NETDESM223,F,0,0,0,0,0,0,0,0,0,0,0,0,95,97,35,10,0,0,0,0,0,0,0,0,145,100,50,25,0,0,0,0,100,0
2022130872,NETDESM223,F,0,0,0,0,0,0,0,0,0,0,0,0,80,70,25,8,0,0,0,0,0,0,0,0,149,85,50,25,0,0,0,0,95,0
2022130627,NETDESM223,F,0,0,0,0,0,0,0,0,0,0,0,0,0,96,35,10,0,0,0,0,0,0,0,0,149,80,50,25,0,0,0,0,97,0
2022131642,NETDESM223,F,0,0,0,0,0,0,0,0,0,0,0,0,92,96,35,0,0,0,0,0,0,0,0,0,150,80,50,25,0,0,0,0,97,0
2022130827,NETDESM223,F,0,0,0,0,0,0,0,0,0,0,0,0,86,96,25,0,0,0,0,0,0,0,0,0,150,80,45,25,0,0,0,0,95,0
2022132879,NETDESM223,F,0,0,0,0,0,0,0,0,0,0,0,0,95,97,35,4,0,0,0,0,0,0,0,0,125,100,50,25,0,0,0,0,100,0
2022131381,NETDESM223,F,0,0,0,0,0,0,0,0,0,0,0,0,92,96,35,0,0,0,0,0,0,0,0,0,150,80,50,25,0,0,0,0,97,0
2022131571,NETDESM223,F,0,0,0,0,0,0,0,0,0,0,0,0,92,96,35,3,0,0,0,0,0,0,0,0,121,80,50,25,0,0,0,0,97,0
2022132538,NETDESM223,F,0,0,0,0,0,0,0,0,0,0,0,0,86,70,20,0,0,0,0,0,0,0,0,0,116,80,50,25,0,0,0,0,95,0
2022133366,NETDESM223,F,0,0,0,0,0,0,0,0,0,0,0,0,83,97,25,2,0,0,0,0,0,0,0,0,145,0,40,25,0,0,0,0,100,0
2022132033,NETDESM223,F,0,0,0,0,0,0,0,0,0,0,0,0,100,97,25,19,0,0,0,0,0,0,0,0,145,0,40,25,0,0,0,0,100,0
2022131795,NETDESM223,F,0,0,0,0,0,0,0,0,0,0,0,0,95,97,20,0,0,0,0,0,0,0,0,0,150,100,50,25,0,0,0,0,100,0
2023132172,NETDESM223,F,0,0,0,0,0,0,0,0,0,0,0,0,86,96,35,4,0,0,0,0,0,0,0,0,135,80,50,25,0,0,0,0,95,0
2022330066,NETDESM223,F,0,0,0,0,0,0,0,0,0,0,0,0,89,97,35,0,0,0,0,0,0,0,0,0,150,100,40,25,0,0,0,0,95,0
2022134141,NETDESM223,F,0,0,0,0,0,0,0,0,0,0,0,0,95,50,30,9,0,0,0,0,0,0,0,0,135,100,40,25,0,0,0,0,97,0
2022134034,NETDESM224,F,0,0,0,0,0,0,0,0,0,0,0,0,80,93,15,0,0,0,0,0,0,0,0,0,149,0,50,25,0,0,0,0,95,0
2022133796,NETDESM224,F,0,0,0,0,0,0,0,0,0,0,0,0,95,93,35,3,0,0,0,0,0,0,0,0,150,100,50,25,0,0,0,0,90,0
2022130806,NETDESM224,F,0,0,0,0,0,0,0,0,0,0,0,0,83,90,35,0,0,0,0,0,0,0,0,0,150,100,50,25,0,0,0,0,90,0
2022132442,NETDESM224,F,0,0,0,0,0,0,0,0,0,0,0,0,80,93,30,0,0,0,0,0,0,0,0,0,145,85,50,25,0,0,0,0,95,0
2022132691,NETDESM224,F,0,0,0,0,0,0,0,0,0,0,0,0,86,93,35,5,0,0,0,0,0,0,0,0,150,100,50,25,0,0,0,0,90,0
2022132032,NETDESM224,F,0,0,0,0,0,0,0,0,0,0,0,0,95,93,30,1,0,0,0,0,0,0,0,0,139,0,50,25,0,0,0,0,90,0
2022132173,NETDESM224,F,0,0,0,0,0,0,0,0,0,0,0,0,80,90,35,10,0,0,0,0,0,0,0,0,140,100,50,25,0,0,0,0,95,0
2022133451,NETDESM224,F,0,0,0,0,0,0,0,0,0,0,0,0,100,98,25,0,0,0,0,0,0,0,0,0,147,0,50,25,0,0,0,0,90,0
2022132584,NETDESM224,F,0,0,0,0,0,0,0,0,0,0,0,0,89,90,30,0,0,0,0,0,0,0,0,0,145,0,0,25,0,0,0,0,95,0
2022131282,NETDESM224,F,0,0,0,0,0,0,0,0,0,0,0,0,100,98,35,10,0,0,0,0,0,0,0,0,150,100,50,25,0,0,0,0,95,0
2022132195,NETDESM224,F,0,0,0,0,0,0,0,0,0,0,0,0,100,98,35,12,0,0,0,0,0,0,0,0,135,100,50,25,0,0,0,0,95,0
2022133087,NETDESM224,F,0,0,0,0,0,0,0,0,0,0,0,0,83,0,20,0,0,0,0,0,0,0,0,0,150,0,50,25,0,0,0,0,90,0
2022130666,NETDESM224,F,0,0,0,0,0,0,0,0,0,0,0,0,83,90,35,0,0,0,0,0,0,0,0,0,145,100,50,25,0,0,0,0,90,0
2022132440,NETDESM224,F,0,0,0,0,0,0,0,0,0,0,0,0,89,90,35,0,0,0,0,0,0,0,0,0,149,100,50,25,0,0,0,0,90,0
2022132737,NETDESM224,F,0,0,0,0,0,0,0,0,0,0,0,0,75,93,30,0,0,0,0,0,0,0,0,0,115,85,50,25,0,0,0,0,90,0
2022230053,NETDESM224,F,0,0,0,0,0,0,0,0,0,0,0,0,80,98,35,0,0,0,0,0,0,0,0,0,150,100,50,25,0,0,0,0,95,0
2022230102,NETDESM224,F,0,0,0,0,0,0,0,0,0,0,0,0,80,93,30,0,0,0,0,0,0,0,0,0,149,85,50,25,0,0,0,0,95,0
2022132232,NETDESM224,F,0,0,0,0,0,0,0,0,0,0,0,0,80,90,35,14,0,0,0,0,0,0,0,0,150,100,50,25,0,0,0,0,95,0
2022132999,NETDESM224,F,0,0,0,0,0,0,0,0,0,0,0,0,95,93,35,3,0,0,0,0,0,0,0,0,135,100,45,25,0,0,0,0,90,0
2022132942,NETDESM224,F,0,0,0,0,0,0,0,0,0,0,0,0,80,93,30,0,0,0,0,0,0,0,0,0,135,75,50,25,0,0,0,0,95,0
2022132729,NETDESM224,F,0,0,0,0,0,0,0,0,0,0,0,0,92,93,30,3,0,0,0,0,0,0,0,0,150,85,50,25,0,0,0,0,90,0
2022132449,NETDESM224,F,0,0,0,0,0,0,0,0,0,0,0,0,92,93,25,0,0,0,0,0,0,0,0,0,139,100,50,25,0,0,0,0,95,0
2022132781,NETDESM224,F,0,0,0,0,0,0,0,0,0,0,0,0,80,98,35,7,0,0,0,0,0,0,0,0,150,100,50,25,0,0,0,0,95,0
2022132962,NETDESM224,F,0,0,0,0,0,0,0,0,0,0,0,0,80,90,30,3,0,0,0,0,0,0,0,0,150,100,50,25,0,0,0,0,95,0
2022132706,NETDESM224,F,0,0,0,0,0,0,0,0,0,0,0,0,80,93,35,0,0,0,0,0,0,0,0,0,149,100,50,25,0,0,0,0,95,0
2022132704,NETDESM224,F,0,0,0,0,0,0,0,0,0,0,0,0,80,98,35,1,0,0,0,0,0,0,0,0,149,100,50,25,0,0,0,0,95,0
2022132687,NETDESM224,F,0,0,0,0,0,0,0,0,0,0,0,0,86,93,35,0,0,0,0,0,0,0,0,0,150,100,50,25,0,0,0,0,90,0
2022134089,NETDESM224,F,0,0,0,0,0,0,0,0,0,0,0,0,80,98,25,0,0,0,0,0,0,0,0,0,144,75,50,25,0,0,0,0,95,0
2022132443,NETDESM224,F,0,0,0,0,0,0,0,0,0,0,0,0,89,98,35,0,0,0,0,0,0,0,0,0,135,100,50,25,0,0,0,0,90,0
2022132549,NETDESM224,F,0,0,0,0,0,0,0,0,0,0,0,0,92,93,35,5,0,0,0,0,0,0,0,0,135,100,50,25,0,0,0,0,90,0
2022132503,NETDESM224,F,0,0,0,0,0,0,0,0,0,0,0,0,86,93,35,10,0,0,0,0,0,0,0,0,150,100,50,25,0,0,0,0,90,0
2022132981,NETDESM224,F,0,0,0,0,0,0,0,0,0,0,0,0,86,93,35,0,0,0,0,0,0,0,0,0,150,100,50,25,0,0,0,0,90,0
2023130039,WEBPROG231,F,0,0,0,0,0,0,0,0,0,0,0,0,40,3,0,0,0,0,16,75,0,0,0,0,100,100,50,50,0,0,0,0,98.9,0
2023130290,WEBPROG231,F,0,0,0,0,0,0,0,0,0,0,0,0,40,0,0,0,0,0,13,60,0,0,0,0,100,100,40,50,0,0,0,0,82.5,0
2023130148,WEBPROG231,F,0,0,0,0,0,0,0,0,0,0,0,0,40,0,0,0,0,0,20,75,0,0,0,0,50,100,50,50,0,0,0,0,96.63,0
2023130591,WEBPROG231,F,0,0,0,0,0,0,0,0,0,0,0,0,40,2,0,0,0,0,26,75,0,0,0,0,100,100,50,50,0,0,0,0,99.4,0
2023130138,WEBPROG231,F,0,0,0,0,0,0,0,0,0,0,0,0,40,0,0,0,0,0,0,75,0,0,0,0,50,100,50,50,0,0,0,0,80,0
2023130266,WEBPROG231,F,0,0,0,0,0,0,0,0,0,0,0,0,40,0,0,0,0,0,17,60,0,0,0,0,100,100,45,50,0,0,0,0,97.23,0
2023130176,WEBPROG231,F,0,0,0,0,0,0,0,0,0,0,0,0,30,0,0,0,0,0,16,60,0,0,0,0,85,80,25,50,0,0,0,0,97.23,0
2023132555,WEBPROG231,F,0,0,0,0,0,0,0,0,0,0,0,0,40,6,0,0,0,0,29,75,0,0,0,0,85,100,45,50,0,0,0,0,91.6,0
2023132557,WEBPROG231,F,0,0,0,0,0,0,0,0,0,0,0,0,40,4,0,0,0,0,22,75,0,0,0,0,100,100,50,50,0,0,0,0,90.45,0
2023130677,WEBPROG231,F,0,0,0,0,0,0,0,0,0,0,0,0,40,0,0,0,0,0,0,75,0,0,0,0,50,100,45,50,0,0,0,0,80,0
2023130168,WEBPROG231,F,0,0,0,0,0,0,0,0,0,0,0,0,40,0,0,0,0,0,24,75,0,0,0,0,85,100,40,50,0,0,0,0,80,0
2023130251,WEBPROG231,F,0,0,0,0,0,0,0,0,0,0,0,0,35,0,0,0,0,0,14,60,0,0,0,0,85,100,45,50,0,0,0,0,80,0
2022133131,WEBPROG231,F,0,0,0,0,0,0,0,0,0,0,0,0,30,0,0,0,0,0,11,75,0,0,0,0,50,75,35,50,0,0,0,0,80,0
2023130531,WEBPROG231,F,0,0,0,0,0,0,0,0,0,0,0,0,40,0,0,0,0,0,0,75,0,0,0,0,50,100,50,50,0,0,0,0,80,0
2023133466,WEBPROG231,F,0,0,0,0,0,0,0,0,0,0,0,0,35,5,0,0,0,0,19,75,0,0,0,0,100,100,40,50,0,0,0,0,83.75,0
2023130364,WEBPROG231,F,0,0,0,0,0,0,0,0,0,0,0,0,30,0,0,0,0,0,33,75,0,0,0,0,100,0,45,50,0,0,0,0,90.2,0
2023132532,WEBPROG231,F,0,0,0,0,0,0,0,0,0,0,0,0,40,0,0,0,0,0,25,75,0,0,0,0,100,100,50,50,0,0,0,0,80,0
2023130149,WEBPROG231,F,0,0,0,0,0,0,0,0,0,0,0,0,40,0,0,0,0,0,18,75,0,0,0,0,75,100,50,50,0,0,0,0,80,0
2023130497,WEBPROG231,F,0,0,0,0,0,0,0,0,0,0,0,0,35,2,0,0,0,0,21,100,0,0,0,0,15,100,50,50,0,0,0,0,83.28,0
2023132755,WEBPROG231,F,0,0,0,0,0,0,0,0,0,0,0,0,35,0,0,0,0,0,1,75,0,0,0,0,100,100,40,50,0,0,0,0,80,0
2023130728,WEBPROG231,F,0,0,0,0,0,0,0,0,0,0,0,0,40,2,0,0,0,0,17,75,0,0,0,0,100,100,50,50,0,0,0,0,99.4,0
2023130156,WEBPROG231,F,0,0,0,0,0,0,0,0,0,0,0,0,40,0,0,0,0,0,22,75,0,0,0,0,100,100,50,50,0,0,0,0,97.23,0
2023130639,WEBPROG231,F,0,0,0,0,0,0,0,0,0,0,0,0,40,0,0,0,0,0,6,75,0,0,0,0,100,100,40,50,0,0,0,0,83.28,0
2023130791,WEBPROG231,F,0,0,0,0,0,0,0,0,0,0,0,0,40,2,0,0,0,0,18,60,0,0,0,0,50,100,50,50,0,0,0,0,83.25,0
2023130525,WEBPROG231,F,0,0,0,0,0,0,0,0,0,0,0,0,40,0,0,0,0,0,11,75,0,0,0,0,50,100,50,50,0,0,0,0,89.95,0
2023130673,WEBPROG231,F,0,0,0,0,0,0,0,0,0,0,0,0,40,0,0,0,0,0,23,75,0,0,0,0,100,100,50,50,0,0,0,0,96.63,0
2023133147,WEBPROG231,F,0,0,0,0,0,0,0,0,0,0,0,0,30,0,0,0,0,0,0,100,0,0,0,0,50,0,50,50,0,0,0,0,80,0
2023132451,WEBPROG231,F,0,0,0,0,0,0,0,0,0,0,0,0,35,0,0,0,0,0,10,75,0,0,0,0,100,80,50,50,0,0,0,0,96.13,0
2023132672,WEBPROG231,F,0,0,0,0,0,0,0,0,0,0,0,0,25,0,0,0,0,0,17,75,0,0,0,0,50,0,40,50,0,0,0,0,80,0
2023133151,WEBPROG231,F,0,0,0,0,0,0,0,0,0,0,0,0,40,0,0,0,0,0,30,75,0,0,0,0,0,100,50,50,0,0,0,0,80,0
2023130403,WEBPROG231,F,0,0,0,0,0,0,0,0,0,0,0,0,40,0,0,0,0,0,21,60,0,0,0,0,50,100,50,50,0,0,0,0,97.23,0
2023130621,WEBPROG231,F,0,0,0,0,0,0,0,0,0,0,0,0,35,0,0,0,0,0,4,75,0,0,0,0,50,80,40,50,0,0,0,0,80,0
2023132440,WEBPROG231,F,0,0,0,0,0,0,0,0,0,0,0,0,40,0,0,0,0,0,6,75,0,0,0,0,50,100,50,50,0,0,0,0,98.15,0
2022131302,WEBPROG231,F,0,0,0,0,0,0,0,0,0,0,0,0,30,0,0,0,0,0,5,60,0,0,0,0,50,80,40,50,0,0,0,0,82.78,0
2023131552,WEBPROG231,F,0,0,0,0,0,0,0,0,0,0,0,0,40,2,0,0,0,0,0,100,0,0,0,0,100,100,40,50,0,0,0,0,83.28,0
2023130496,WEBPROG231,F,0,0,0,0,0,0,0,0,0,0,0,0,40,0,0,0,0,0,0,75,0,0,0,0,50,100,50,50,0,0,0,0,80,0
2023130607,WEBPROG231,F,0,0,0,0,0,0,0,0,0,0,0,0,40,0,0,0,0,0,11,60,0,0,0,0,50,100,50,50,0,0,0,0,97.23,0
2023130455,WEBPROG231,F,0,0,0,0,0,0,0,0,0,0,0,0,40,0,0,0,0,0,9,60,0,0,0,0,50,100,50,50,0,0,0,0,81.5,0
2023130110,WEBPROG231,F,0,0,0,0,0,0,0,0,0,0,0,0,20,0,0,0,0,0,3,0,0,0,0,0,100,80,40,50,0,0,0,0,80,0
2023131296,WEBPROG231,F,0,0,0,0,0,0,0,0,0,0,0,0,40,0,0,0,0,0,0,75,0,0,0,0,0,100,40,50,0,0,0,0,80,0
2023132280,WEBPROG232,F,0,0,0,0,0,0,0,0,0,0,0,0,45,0,0,0,0,0,17.5,0,0,0,0,0,100,100,40,50,0,0,0,0,80,0
2023130933,WEBPROG232,F,0,0,0,0,0,0,0,0,0,0,0,0,45,0,0,0,0,0,17.5,75,0,0,0,0,50,80,40,50,0,0,0,0,84.63,0
2023131105,WEBPROG232,F,0,0,0,0,0,0,0,0,0,0,0,0,45,0,0,0,0,0,17.5,75,0,0,0,0,50,80,50,50,0,0,0,0,84.13,0
2023132776,WEBPROG232,F,0,0,0,0,0,0,0,0,0,0,0,0,35,0,0,0,0,0,17.5,75,0,0,0,0,50,100,50,50,0,0,0,0,95.15,0
2023132814,WEBPROG232,F,0,0,0,0,0,0,0,0,0,0,0,0,50,0,0,0,0,0,17.5,75,0,0,0,0,100,100,50,50,0,0,0,0,95.65,0
2023132774,WEBPROG232,F,0,0,0,0,0,0,0,0,0,0,0,0,45,0,0,0,0,0,17.5,60,0,0,0,0,80,100,40,50,0,0,0,0,94.85,0
2023130877,WEBPROG232,F,0,0,0,0,0,0,0,0,0,0,0,0,40,0,0,0,0,0,17.5,75,0,0,0,0,90,100,0,50,0,0,0,0,81.38,0
2023133610,WEBPROG232,F,0,0,0,0,0,0,0,0,0,0,0,0,50,0,0,0,0,0,17.5,75,0,0,0,0,40,100,50,50,0,0,0,0,80,0
2023131223,WEBPROG232,F,0,0,0,0,0,0,0,0,0,0,0,0,45,0,0,0,0,0,17.5,0,0,0,0,0,50,100,50,50,0,0,0,0,80,0
2022330046,WEBPROG232,F,0,0,0,0,0,0,0,0,0,0,0,0,40,0,0,0,0,0,17.5,75,0,0,0,0,50,80,45,50,0,0,0,0,95.45,0
2023330046,WEBPROG232,F,0,0,0,0,0,0,0,0,0,0,0,0,30,0,0,0,0,0,17.5,60,0,0,0,0,45,80,50,50,0,0,0,0,84.25,0
2023133206,WEBPROG232,F,0,0,0,0,0,0,0,0,0,0,0,0,50,0,0,0,0,0,17.5,75,0,0,0,0,90,100,50,50,0,0,0,0,80,0
2022130810,WEBPROG232,F,0,0,0,0,0,0,0,0,0,0,0,0,0,0,0,0,0,0,17.5,0,0,0,0,0,0,0,40,0,0,0,0,0,0,0
2023133648,WEBPROG232,F,0,0,0,0,0,0,0,0,0,0,0,0,45,0,0,0,0,0,17.5,75,0,0,0,0,90,80,0,50,0,0,0,0,80,0
2023133383,WEBPROG232,F,0,0,0,0,0,0,0,0,0,0,0,0,40,0,0,0,0,0,17.5,60,0,0,0,0,50,100,50,50,0,0,0,0,80,0
2023132559,WEBPROG232,F,0,0,0,0,0,0,0,0,0,0,0,0,50,0,0,0,0,0,17.5,75,0,0,0,0,50,100,40,50,0,0,0,0,95.35,0
2023133046,WEBPROG232,F,0,0,0,0,0,0,0,0,0,0,0,0,35,0,0,0,0,0,17.5,75,0,0,0,0,50,100,50,50,0,0,0,0,80,0
2023131333,WEBPROG232,F,0,0,0,0,0,0,0,0,0,0,0,0,50,0,0,0,0,0,17.5,75,0,0,0,0,100,100,50,50,0,0,0,0,97.23,0
2022130388,WEBPROG232,F,0,0,0,0,0,0,0,0,0,0,0,0,30,0,0,0,0,0,17.5,75,0,0,0,0,50,100,40,50,0,0,0,0,80,0
2023131168,WEBPROG232,F,0,0,0,0,0,0,0,0,0,0,0,0,45,0,0,0,0,0,17.5,75,0,0,0,0,50,100,50,50,0,0,0,0,95.45,0
2023130803,WEBPROG232,F,0,0,0,0,0,0,0,0,0,0,0,0,50,0,0,0,0,0,17.5,75,0,0,0,0,50,100,40,50,0,0,0,0,97.23,0
2023132503,WEBPROG232,F,0,0,0,0,0,0,0,0,0,0,0,0,45,0,0,0,0,0,17.5,75,0,0,0,0,40,100,40,50,0,0,0,0,80,0
2023131141,WEBPROG232,F,0,0,0,0,0,0,0,0,0,0,0,0,35,0,0,0,0,0,17.5,75,0,0,0,0,50,80,50,50,0,0,0,0,80.88,0
2023133128,WEBPROG232,F,0,0,0,0,0,0,0,0,0,0,0,0,45,0,0,0,0,0,17.5,75,0,0,0,0,80,100,50,50,0,0,0,0,80,0
2023131126,WEBPROG232,F,0,0,0,0,0,0,0,0,0,0,0,0,45,0,0,0,0,0,17.5,75,0,0,0,0,50,100,0,50,0,0,0,0,80,0
2023132464,WEBPROG232,F,0,0,0,0,0,0,0,0,0,0,0,0,30,0,0,0,0,0,17.5,75,0,0,0,0,50,100,50,50,0,0,0,0,80,0
2023131356,WEBPROG232,F,0,0,0,0,0,0,0,0,0,0,0,0,50,0,0,0,0,0,17.5,75,0,0,0,0,100,100,50,50,0,0,0,0,80,0
2023133156,WEBPROG232,F,0,0,0,0,0,0,0,0,0,0,0,0,38,1,0,0,0,0,17.5,75,0,0,0,0,50,100,50,50,0,0,0,0,81.63,0
2023133218,WEBPROG232,F,0,0,0,0,0,0,0,0,0,0,0,0,25,0,0,0,0,0,17.5,0,0,0,0,0,0,100,40,50,0,0,0,0,80,0
2023130896,WEBPROG232,F,0,0,0,0,0,0,0,0,0,0,0,0,40,0,0,0,0,0,17.5,75,0,0,0,0,50,75,40,50,0,0,0,0,80,0
2023131881,WEBPROG232,F,0,0,0,0,0,0,0,0,0,0,0,0,45,0,0,0,0,0,17.5,75,0,0,0,0,100,0,45,50,0,0,0,0,80,0
2023131307,WEBPROG232,F,0,0,0,0,0,0,0,0,0,0,0,0,50,0,0,0,0,0,17.5,75,0,0,0,0,100,100,50,50,0,0,0,0,95.88,0
2022230072,WEBPROG232,F,0,0,0,0,0,0,0,0,0,0,0,0,45,0,0,0,0,0,17.5,75,0,0,0,0,100,100,40,50,0,0,0,0,89.95,0
2023132461,WEBPROG232,F,0,0,0,0,0,0,0,0,0,0,0,0,40,0,0,0,0,0,17.5,75,0,0,0,0,100,100,45,50,0,0,0,0,85.13,0
2023133106,WEBPROG232,F,0,0,0,0,0,0,0,0,0,0,0,0,20,0,0,0,0,0,17.5,75,0,0,0,0,40,100,40,50,0,0,0,0,0,0
2023131212,WEBPROG232,F,0,0,0,0,0,0,0,0,0,0,0,0,45,3,0,0,0,0,17.5,75,0,0,0,0,80,75,45,50,0,0,0,0,80,0
2023330077,WEBPROG232,F,0,0,0,0,0,0,0,0,0,0,0,0,20,0,0,0,0,0,17.5,0,0,0,0,0,0,0,0,50,0,0,0,0,0,0
2023130833,WEBPROG232,F,0,0,0,0,0,0,0,0,0,0,0,0,50,0,0,0,0,0,17.5,75,0,0,0,0,50,100,45,50,0,0,0,0,95.15,0
2023130795,WEBPROG232,F,0,0,0,0,0,0,0,0,0,0,0,0,50,0,0,0,0,0,17.5,75,0,0,0,0,80,100,50,50,0,0,0,0,97.23,0
2023131077,WEBPROG232,F,0,0,0,0,0,0,0,0,0,0,0,0,45,0,0,0,0,0,17.5,75,0,0,0,0,50,100,50,50,0,0,0,0,95.35,0
2023132937,WEBPROG232,F,0,0,0,0,0,0,0,0,0,0,0,0,25,0,0,0,0,0,17.5,75,0,0,0,0,0,100,40,50,0,0,0,0,83.38,0
2023132303,WEBPROG235,F,0,0,0,0,0,0,0,0,0,0,0,0,35,0,0,0,0,0,6,87,0,0,0,0,100,100,0,50,0,0,0,0,84.55,0
2023132345,WEBPROG235,F,0,0,0,0,0,0,0,0,0,0,0,0,45,0,0,0,0,0,7,75,0,0,0,0,85,100,40,50,0,0,0,0,90.88,0
2023132333,WEBPROG235,F,0,0,0,0,0,0,0,0,0,0,0,0,40,0,1,0,0,0,35,90,0,0,0,0,100,100,50,34,0,0,0,0,99.4,0
2023133619,WEBPROG235,F,0,0,0,0,0,0,0,0,0,0,0,0,40,0,3,0,0,0,22,100,0,0,0,0,100,100,50,50,0,0,0,0,90.88,0
2023132399,WEBPROG235,F,0,0,0,0,0,0,0,0,0,0,0,0,45,0,0,0,0,0,13,87,0,0,0,0,85,100,50,50,0,0,0,0,84.55,0
2023132332,WEBPROG235,F,0,0,0,0,0,0,0,0,0,0,0,0,45,0,2,0,0,0,35,90,0,0,0,0,100,100,50,24,0,0,0,0,99.4,0
2023132285,WEBPROG235,F,0,0,0,0,0,0,0,0,0,0,0,0,40,0,1,0,0,0,26,0,0,0,0,0,90,100,50,50,0,0,0,0,96.08,0
2023132283,WEBPROG235,F,0,0,0,0,0,0,0,0,0,0,0,0,35,0,0,0,0,0,9,75,0,0,0,0,25,80,50,50,0,0,0,0,85.75,0
2023132270,WEBPROG235,F,0,0,0,0,0,0,0,0,0,0,0,0,30,0,0,0,0,0,18,75,0,0,0,0,0,0,50,50,0,0,0,0,80,0
2023132208,WEBPROG235,F,0,0,0,0,0,0,0,0,0,0,0,0,45,0,3,0,0,0,4,90,0,0,0,0,75,100,50,50,0,0,0,0,84.48,0
2023132380,WEBPROG235,F,0,0,0,0,0,0,0,0,0,0,0,0,45,0,1,0,0,0,8,75,0,0,0,0,100,100,50,50,0,0,0,0,84.23,0
2023132279,WEBPROG235,F,0,0,0,0,0,0,0,0,0,0,0,0,45,0,0,0,0,0,28,75,0,0,0,0,85,100,50,50,0,0,0,0,97.23,0
2023132266,WEBPROG235,F,0,0,0,0,0,0,0,0,0,0,0,0,45,0,0,0,0,0,15,75,0,0,0,0,85,100,50,50,0,0,0,0,85.75,0
2023131412,WEBPROG235,F,0,0,0,0,0,0,0,0,0,0,0,0,45,0,0,0,0,0,25,75,0,0,0,0,85,100,50,50,0,0,0,0,99.5,0
2023132309,WEBPROG235,F,0,0,0,0,0,0,0,0,0,0,0,0,45,0,3,0,0,0,32,90,0,0,0,0,100,100,50,27,0,0,0,0,99.4,0
2023132408,WEBPROG235,F,0,0,0,0,0,0,0,0,0,0,0,0,45,0,3,0,0,0,32,90,0,0,0,0,85,100,50,49,0,0,0,0,97.23,0
2023133141,WEBPROG235,F,0,0,0,0,0,0,0,0,0,0,0,0,45,0,3,0,0,0,11,75,0,0,0,0,100,100,50,50,0,0,0,0,98.8,0
2023133143,WEBPROG235,F,0,0,0,0,0,0,0,0,0,0,0,0,0,0,0,0,0,0,0,0,0,0,0,0,0,0,0,50,0,0,0,0,0,0
2023132388,WEBPROG235,F,0,0,0,0,0,0,0,0,0,0,0,0,45,0,0,0,0,0,18,87,0,0,0,0,100,100,50,50,0,0,0,0,83.88,0
2023132024,WEBPROG235,F,0,0,0,0,0,0,0,0,0,0,0,0,45,0,5,0,0,0,31,75,0,0,0,0,90,100,50,50,0,0,0,0,100,0
2023132343,WEBPROG235,F,0,0,0,0,0,0,0,0,0,0,0,0,45,0,0,0,0,0,33,75,0,0,0,0,100,100,50,50,0,0,0,0,97.53,0
2023132233,WEBPROG235,F,0,0,0,0,0,0,0,0,0,0,0,0,45,0,3,0,0,0,6,75,0,0,0,0,90,100,50,50,0,0,0,0,81.63,0
2023132467,WEBPROG235,F,0,0,0,0,0,0,0,0,0,0,0,0,40,0,0,0,0,0,18,75,0,0,0,0,90,0,0,50,0,0,0,0,96.48,0
2023131518,WEBPROG235,F,0,0,0,0,0,0,0,0,0,0,0,0,45,0,3,0,0,0,12,75,0,0,0,0,25,100,50,50,0,0,0,0,82.88,0
2023132286,WEBPROG235,F,0,0,0,0,0,0,0,0,0,0,0,0,45,0,2,0,0,0,19,50,0,0,0,0,100,100,50,50,0,0,0,0,95.73,0
2023132549,WEBPROG235,F,0,0,0,0,0,0,0,0,0,0,0,0,45,0,2,0,0,0,15,87,0,0,0,0,90,100,50,50,0,0,0,0,95.83,0
2022130749,WEBPROG235,F,0,0,0,0,0,0,0,0,0,0,0,0,33,0,2,0,0,0,20,75,0,0,0,0,75,100,50,50,0,0,0,0,84.58,0
2023132617,WEBPROG235,F,0,0,0,0,0,0,0,0,0,0,0,0,45,0,3,0,0,0,29,87,0,0,0,0,90,100,50,50,0,0,0,0,96.08,0
2023132244,WEBPROG235,F,0,0,0,0,0,0,0,0,0,0,0,0,45,0,3,0,0,0,20,50,0,0,0,0,85,100,50,50,0,0,0,0,95.73,0
2023132627,WEBPROG235,F,0,0,0,0,0,0,0,0,0,0,0,0,45,0,1,0,0,0,6,75,0,0,0,0,100,100,50,50,0,0,0,0,97.23,0
2023132240,WEBPROG235,F,0,0,0,0,0,0,0,0,0,0,0,0,45,0,1,0,0,0,3,0,0,0,0,0,100,100,50,50,0,0,0,0,83.88,0
2023132312,WEBPROG235,F,0,0,0,0,0,0,0,0,0,0,0,0,45,0,0,0,0,0,8,75,0,0,0,0,100,100,40,50,0,0,0,0,85.25,0
2023133389,WEBPROG235,F,0,0,0,0,0,0,0,0,0,0,0,0,45,0,0,0,0,0,30,75,0,0,0,0,90,100,50,50,0,0,0,0,100,0
2023131044,WEBPROG235,F,0,0,0,0,0,0,0,0,0,0,0,0,45,0,3,0,0,0,29,90,0,0,0,0,100,100,50,50,0,0,0,0,90.63,0
2023133025,WEBPROG235,F,0,0,0,0,0,0,0,0,0,0,0,0,35,0,0,0,0,0,7,0,0,0,0,0,85,100,0,50,0,0,0,0,82.68,0
2023132608,WEBPROG235,F,0,0,0,0,0,0,0,0,0,0,0,0,45,0,0,0,0,0,20,87,0,0,0,0,90,100,40,50,0,0,0,0,90.88,0
2023132575,WEBPROG235,F,0,0,0,0,0,0,0,0,0,0,0,0,35,0,0,0,0,0,0,75,0,0,0,0,90,0,40,50,0,0,0,0,83.88,0
2023132318,WEBPROG235,F,0,0,0,0,0,0,0,0,0,0,0,0,45,0,0,0,0,0,10,75,0,0,0,0,100,100,50,50,0,0,0,0,85.75,0
2023133085,WEBPROG235,F,0,0,0,0,0,0,0,0,0,0,0,0,45,0,0,0,0,0,34,75,0,0,0,0,100,100,50,50,0,0,0,0,100,0
2023132290,WEBPROG235,F,0,0,0,0,0,0,0,0,0,0,0,0,45,0,2,0,0,0,20,100,0,0,0,0,100,100,50,50,0,0,0,0,91.25,0
2023132538,WEBPROG235,F,0,0,0,0,0,0,0,0,0,0,0,0,40,0,3,0,0,0,1,50,0,0,0,0,85,100,50,50,0,0,0,0,95.73,0
2023330080,WEBPROG235,F,0,0,0,0,0,0,0,0,0,0,0,0,45,0,3,0,0,0,4,100,0,0,0,0,90,100,50,50,0,0,0,0,84.48,0
2023132906,WEBPROG236,F,0,0,0,0,0,0,0,0,0,0,0,0,50,5,0,0,0,0,28,75,0,0,0,0,100,100,50,50,0,0,0,0,91,0
2023230078,WEBPROG236,F,0,0,0,0,0,0,0,0,0,0,0,0,50,2,0,0,0,0,19,75,0,0,0,0,100,100,50,50,0,0,0,0,80,0
2023132941,WEBPROG236,F,0,0,0,0,0,0,0,0,0,0,0,0,35,7,0,0,0,0,33,75,0,0,0,0,100,100,50,50,0,0,0,0,86.13,0
2022132525,WEBPROG236,F,0,0,0,0,0,0,0,0,0,0,0,0,25,2,0,0,0,0,17,75,0,0,0,0,25,100,50,50,0,0,0,0,80.63,0
2023133215,WEBPROG236,F,0,0,0,0,0,0,0,0,0,0,0,0,30,0,0,0,0,0,26,0,0,0,0,0,100,80,50,50,0,0,0,0,80.63,0
2023132838,WEBPROG236,F,0,0,0,0,0,0,0,0,0,0,0,0,25,3,0,0,0,0,22,75,0,0,0,0,25,80,50,50,0,0,0,0,83.03,0
2023230057,WEBPROG236,F,0,0,0,0,0,0,0,0,0,0,0,0,40,2,0,0,0,0,20,75,0,0,0,0,100,100,50,50,0,0,0,0,80,0
2023132919,WEBPROG236,F,0,0,0,0,0,0,0,0,0,0,0,0,30,5,0,0,0,0,33,75,0,0,0,0,75,100,50,50,0,0,0,0,80.5,0
2023133074,WEBPROG236,F,0,0,0,0,0,0,0,0,0,0,0,0,40,2,0,0,0,0,15,75,0,0,0,0,75,100,50,50,0,0,0,0,90.7,0
2023131731,WEBPROG236,F,0,0,0,0,0,0,0,0,0,0,0,0,40,2,0,0,0,0,34,75,0,0,0,0,85,100,50,50,0,0,0,0,91,0
2023133611,WEBPROG236,F,0,0,0,0,0,0,0,0,0,0,0,0,15,0,0,0,0,0,0,0,0,0,0,0,0,0,50,0,0,0,0,0,0,0
2023133012,WEBPROG236,F,0,0,0,0,0,0,0,0,0,0,0,0,45,2,0,0,0,0,20,75,0,0,0,0,75,100,50,50,0,0,0,0,80.5,0
2023133061,WEBPROG236,F,0,0,0,0,0,0,0,0,0,0,0,0,15,0,0,0,0,0,13,75,0,0,0,0,75,100,50,50,0,0,0,0,82.18,0
2023133267,WEBPROG236,F,0,0,0,0,0,0,0,0,0,0,0,0,15,2,0,0,0,0,7,75,0,0,0,0,-,100,50,50,0,0,0,0,80,0
2023133222,WEBPROG236,F,0,0,0,0,0,0,0,0,0,0,0,0,45,2,0,0,0,0,16,75,0,0,0,0,85,100,50,50,0,0,0,0,80,0
2023133075,WEBPROG236,F,0,0,0,0,0,0,0,0,0,0,0,0,50,3,0,0,0,0,33,75,0,0,0,0,100,100,50,50,0,0,0,0,86.13,0
2023132788,WEBPROG236,F,0,0,0,0,0,0,0,0,0,0,0,0,50,0,0,0,0,0,28,75,0,0,0,0,25,100,50,50,0,0,0,0,81.13,0
2023132472,WEBPROG236,F,0,0,0,0,0,0,0,0,0,0,0,0,45,0,0,0,0,0,21,75,0,0,0,0,75,100,50,50,0,0,0,0,81.7,0
2023133000,WEBPROG236,F,0,0,0,0,0,0,0,0,0,0,0,0,40,2,0,0,0,0,13,60,0,0,0,0,75,100,50,50,0,0,0,0,90.5,0
2023132187,WEBPROG236,F,0,0,0,0,0,0,0,0,0,0,0,0,45,4,0,0,0,0,33,60,0,0,0,0,75,100,50,50,0,0,0,0,81.7,0
2023133606,WEBPROG236,F,0,0,0,0,0,0,0,0,0,0,0,0,50,12,0,0,0,0,29,75,0,0,0,0,75,100,50,50,0,0,0,0,82.04,0
2023133013,WEBPROG236,F,0,0,0,0,0,0,0,0,0,0,0,0,40,2,0,0,0,0,18,75,0,0,0,0,-,100,50,50,0,0,0,0,82.04,0
2023131491,WEBPROG236,F,0,0,0,0,0,0,0,0,0,0,0,0,45,2,0,0,0,0,17,75,0,0,0,0,75,100,50,50,0,0,0,0,91,0
2022132538,WEBPROG236,F,0,0,0,0,0,0,0,0,0,0,0,0,30,0,0,0,0,0,12,75,0,0,0,0,25,80,50,50,0,0,0,0,80,0
2023132840,WEBPROG236,F,0,0,0,0,0,0,0,0,0,0,0,0,30,0,0,0,0,0,16,75,0,0,0,0,25,100,50,50,0,0,0,0,81.78,0
2023132820,WEBPROG236,F,0,0,0,0,0,0,0,0,0,0,0,0,45,2,0,0,0,0,15,75,0,0,0,0,-,100,50,50,0,0,0,0,80,0
2023133014,WEBPROG236,F,0,0,0,0,0,0,0,0,0,0,0,0,30,2,0,0,0,0,23,75,0,0,0,0,100,100,50,50,0,0,0,0,80.5,0
2023132047,WEBPROG236,F,0,0,0,0,0,0,0,0,0,0,0,0,50,2,0,0,0,0,22,75,0,0,0,0,25,100,50,50,0,0,0,0,81.3,0
2023133022,WEBPROG236,F,0,0,0,0,0,0,0,0,0,0,0,0,30,3,0,0,0,0,18,75,0,0,0,0,85,50,50,50,0,0,0,0,81.43,0
2023133041,WEBPROG236,F,0,0,0,0,0,0,0,0,0,0,0,0,50,4,0,0,0,0,15,75,0,0,0,0,75,100,50,50,0,0,0,0,82.04,0
2023133029,WEBPROG236,F,0,0,0,0,0,0,0,0,0,0,0,0,45,4,0,0,0,0,28,75,0,0,0,0,75,100,50,50,0,0,0,0,86.13,0
2023132487,WEBPROG236,F,0,0,0,0,0,0,0,0,0,0,0,0,50,0,0,0,0,0,29,75,0,0,0,0,100,100,50,50,0,0,0,0,81.7,0
2023132547,WEBPROG236,F,0,0,0,0,0,0,0,0,0,0,0,0,45,3,0,0,0,0,29,75,0,0,0,0,75,100,50,50,0,0,0,0,86.13,0
2023132172,WEBPROG236,F,0,0,0,0,0,0,0,0,0,0,0,0,50,0,0,0,0,0,26,75,0,0,0,0,25,100,50,50,0,0,0,0,80.97,0
2023132854,WEBPROG236,F,0,0,0,0,0,0,0,0,0,0,0,0,50,4,0,0,0,0,27,75,0,0,0,0,75,100,50,50,0,0,0,0,90.75,0
2023132962,WEBPROG236,F,0,0,0,0,0,0,0,0,0,0,0,0,40,6,0,0,0,0,18,75,0,0,0,0,100,95,50,50,0,0,0,0,80.5,0
2023132857,WEBPROG236,F,0,0,0,0,0,0,0,0,0,0,0,0,50,5,0,0,0,0,17,75,0,0,0,0,85,100,50,50,0,0,0,0,90.7,0
2023133207,WEBPROG236,F,0,0,0,0,0,0,0,0,0,0,0,0,50,5,0,0,0,0,32,75,0,0,0,0,75,100,50,50,0,0,0,0,81.7,0
2023133284,WEBPROG236,F,0,0,0,0,0,0,0,0,0,0,0,0,50,0,0,0,0,0,17,75,0,0,0,0,75,100,50,50,0,0,0,0,90.5,0
