20241031816,DATAMA1242,M,0,0,0,0,0,0,0,0,0,0,0,0,0,0,0,0,0,0,28,0,0,0,0,0,0,0,0,0,0,0,0,0,0,0
20241031844,DATAMA1242,M,0,0,0,0,0,0,0,0,0,0,0,0,0,0,0,0,0,0,20,0,0,0,0,0,0,0,0,0,0,0,0,0,0,0
20241031682,DATAMA1242,M,0,0,0,0,0,0,0,0,0,0,0,0,0,0,0,0,0,0,30,0,0,0,0,0,0,0,0,0,0,0,0,0,0,0
20241035612,DATAMA1242,M,0,0,0,0,0,0,0,0,0,0,0,0,0,0,0,0,0,0,30,0,0,0,0,0,0,0,0,0,0,0,0,0,0,0
2023330046,DATAMA1242,M,0,0,0,0,0,0,0,0,0,0,0,0,0,0,0,0,0,0,0,0,0,0,0,0,0,0,0,0,0,0,0,0,0,0
20241031984,DATAMA1242,M,0,0,0,0,0,0,0,0,0,0,0,0,0,0,0,0,0,0,19,0,0,0,0,0,0,0,0,0,0,0,0,0,0,0
20241031838,DATAMA1242,M,0,0,0,0,0,0,0,0,0,0,0,0,0,0,0,0,0,0,0,0,0,0,0,0,0,0,0,0,0,0,0,0,0,0
20241031663,DATAMA1242,M,0,0,0,0,0,0,0,0,0,0,0,0,0,0,0,0,0,0,30,0,0,0,0,0,0,0,0,0,0,0,0,0,0,0
20241031659,DATAMA1242,M,0,0,0,0,0,0,0,0,0,0,0,0,0,0,0,0,0,0,15,0,0,0,0,0,0,0,0,0,0,0,0,0,0,0
20241031652,DATAMA1242,M,0,0,0,0,0,0,0,0,0,0,0,0,0,0,0,0,0,0,26,0,0,0,0,0,0,0,0,0,0,0,0,0,0,0
20241031899,DATAMA1242,M,0,0,0,0,0,0,0,0,0,0,0,0,0,0,0,0,0,0,14,0,0,0,0,0,0,0,0,0,0,0,0,0,0,0
20241031966,DATAMA1242,M,0,0,0,0,0,0,0,0,0,0,0,0,0,0,0,0,0,0,0,0,0,0,0,0,0,0,0,0,0,0,0,0,0,0
20241038009,DATAMA1242,M,0,0,0,0,0,0,0,0,0,0,0,0,0,0,0,0,0,0,18,0,0,0,0,0,0,0,0,0,0,0,0,0,0,0
20241031987,DATAMA1242,M,0,0,0,0,0,0,0,0,0,0,0,0,0,0,0,0,0,0,26,0,0,0,0,0,0,0,0,0,0,0,0,0,0,0
20241036337,DATAMA1242,M,0,0,0,0,0,0,0,0,0,0,0,0,0,0,0,0,0,0,18,0,0,0,0,0,0,0,0,0,0,0,0,0,0,0
20241031674,DATAMA1242,M,0,0,0,0,0,0,0,0,0,0,0,0,0,0,0,0,0,0,14,0,0,0,0,0,0,0,0,0,0,0,0,0,0,0
20241033338,DATAMA1242,M,0,0,0,0,0,0,0,0,0,0,0,0,0,0,0,0,0,0,27,0,0,0,0,0,0,0,0,0,0,0,0,0,0,0
20241032141,DATAMA1242,M,0,0,0,0,0,0,0,0,0,0,0,0,0,0,0,0,0,0,17,0,0,0,0,0,0,0,0,0,0,0,0,0,0,0
20241032073,DATAMA1242,M,0,0,0,0,0,0,0,0,0,0,0,0,0,0,0,0,0,0,26,0,0,0,0,0,0,0,0,0,0,0,0,0,0,0
20241033554,DATAMA1242,M,0,0,0,0,0,0,0,0,0,0,0,0,0,0,0,0,0,0,15,0,0,0,0,0,0,0,0,0,0,0,0,0,0,0
20241032114,DATAMA1242,M,0,0,0,0,0,0,0,0,0,0,0,0,0,0,0,0,0,0,19,0,0,0,0,0,0,0,0,0,0,0,0,0,0,0
20241039640,DATAMA1242,M,0,0,0,0,0,0,0,0,0,0,0,0,0,0,0,0,0,0,18,0,0,0,0,0,0,0,0,0,0,0,0,0,0,0
20241033436,DATAMA1242,M,0,0,0,0,0,0,0,0,0,0,0,0,0,0,0,0,0,0,16,0,0,0,0,0,0,0,0,0,0,0,0,0,0,0
20241035271,DATAMA1242,M,0,0,0,0,0,0,0,0,0,0,0,0,0,0,0,0,0,0,27,0,0,0,0,0,0,0,0,0,0,0,0,0,0,0
20241031948,DATAMA1242,M,0,0,0,0,0,0,0,0,0,0,0,0,0,0,0,0,0,0,19,0,0,0,0,0,0,0,0,0,0,0,0,0,0,0
20241033769,DATAMA1242,M,0,0,0,0,0,0,0,0,0,0,0,0,0,0,0,0,0,0,16,0,0,0,0,0,0,0,0,0,0,0,0,0,0,0
20241037011,DATAMA1242,M,0,0,0,0,0,0,0,0,0,0,0,0,0,0,0,0,0,0,17,0,0,0,0,0,0,0,0,0,0,0,0,0,0,0
20241037557,DATAMA1242,M,0,0,0,0,0,0,0,0,0,0,0,0,0,0,0,0,0,0,19,0,0,0,0,0,0,0,0,0,0,0,0,0,0,0
20241032995,DATAMA1242,M,0,0,0,0,0,0,0,0,0,0,0,0,0,0,0,0,0,0,18,0,0,0,0,0,0,0,0,0,0,0,0,0,0,0
20241036781,DATAMA1242,M,0,0,0,0,0,0,0,0,0,0,0,0,0,0,0,0,0,0,29,0,0,0,0,0,0,0,0,0,0,0,0,0,0,0
2023132463,DATAMA1242,M,0,0,0,0,0,0,0,0,0,0,0,0,0,0,0,0,0,0,16,0,0,0,0,0,0,0,0,0,0,0,0,0,0,0
20241031880,DATAMA1242,M,0,0,0,0,0,0,0,0,0,0,0,0,0,0,0,0,0,0,29,0,0,0,0,0,0,0,0,0,0,0,0,0,0,0
2022130571,DATAMA1242,M,0,0,0,0,0,0,0,0,0,0,0,0,0,0,0,0,0,0,12,0,0,0,0,0,0,0,0,0,0,0,0,0,0,0
20241031951,DATAMA1242,M,0,0,0,0,0,0,0,0,0,0,0,0,0,0,0,0,0,0,30,0,0,0,0,0,0,0,0,0,0,0,0,0,0,0
20241033339,DATAMA1242,M,0,0,0,0,0,0,0,0,0,0,0,0,0,0,0,0,0,0,26,0,0,0,0,0,0,0,0,0,0,0,0,0,0,0
20241031685,DATAMA1242,M,0,0,0,0,0,0,0,0,0,0,0,0,0,0,0,0,0,0,30,0,0,0,0,0,0,0,0,0,0,0,0,0,0,0
20241032085,DATAMA1242,M,0,0,0,0,0,0,0,0,0,0,0,0,0,0,0,0,0,0,30,0,0,0,0,0,0,0,0,0,0,0,0,0,0,0
20241032025,DATAMA1242,M,0,0,0,0,0,0,0,0,0,0,0,0,0,0,0,0,0,0,17,0,0,0,0,0,0,0,0,0,0,0,0,0,0,0
20241031718,DATAMA1242,M,0,0,0,0,0,0,0,0,0,0,0,0,0,0,0,0,0,0,14,0,0,0,0,0,0,0,0,0,0,0,0,0,0,0
20241038355,DATAMA1243,M,0,0,0,0,0,0,0,0,0,0,0,0,0,0,0,0,0,0,19,0,0,0,0,0,55,0,0,0,0,0,0,0,0,0
20241038935,DATAMA1243,M,0,0,0,0,0,0,0,0,0,0,0,0,0,0,0,0,0,0,29,0,0,0,0,0,55,0,0,0,0,0,0,0,0,0
20241037047,DATAMA1243,M,0,0,0,0,0,0,0,0,0,0,0,0,0,0,0,0,0,0,18,0,0,0,0,0,20,0,0,0,0,0,0,0,0,0
20241032667,DATAMA1243,M,0,0,0,0,0,0,0,0,0,0,0,0,0,0,0,0,0,0,16,0,0,0,0,0,25,0,0,0,0,0,0,0,0,0
20241032263,DATAMA1243,M,0,0,0,0,0,0,0,0,0,0,0,0,0,0,0,0,0,0,30,0,0,0,0,0,55,0,0,0,0,0,0,0,0,0
20241032063,DATAMA1243,M,0,0,0,0,0,0,0,0,0,0,0,0,0,0,0,0,0,0,20,0,0,0,0,0,55,0,0,0,0,0,0,0,0,0
20241034993,DATAMA1243,M,0,0,0,0,0,0,0,0,0,0,0,0,0,0,0,0,0,0,24,0,0,0,0,0,55,0,0,0,0,0,0,0,0,0
20241039455,DATAMA1243,M,0,0,0,0,0,0,0,0,0,0,0,0,0,0,0,0,0,0,20,0,0,0,0,0,20,0,0,0,0,0,0,0,0,0
20241034710,DATAMA1243,M,0,0,0,0,0,0,0,0,0,0,0,0,0,0,0,0,0,0,17,0,0,0,0,0,25,0,0,0,0,0,0,0,0,0
2023330038,DATAMA1243,M,0,0,0,0,0,0,0,0,0,0,0,0,0,0,0,0,0,0,7,0,0,0,0,0,25,0,0,0,0,0,0,0,0,0
20241037555,DATAMA1243,M,0,0,0,0,0,0,0,0,0,0,0,0,0,0,0,0,0,0,18,0,0,0,0,0,20,0,0,0,0,0,0,0,0,0
20241031665,DATAMA1243,M,0,0,0,0,0,0,0,0,0,0,0,0,0,0,0,0,0,0,11,0,0,0,0,0,20,0,0,0,0,0,0,0,0,0
20241031162,DATAMA1243,M,0,0,0,0,0,0,0,0,0,0,0,0,0,0,0,0,0,0,10,0,0,0,0,0,25,0,0,0,0,0,0,0,0,0
20241030932,DATAMA1243,M,0,0,0,0,0,0,0,0,0,0,0,0,0,0,0,0,0,0,29,0,0,0,0,0,55,0,0,0,0,0,0,0,0,0
2022133442,DATAMA1243,M,0,0,0,0,0,0,0,0,0,0,0,0,0,0,0,0,0,0,26,0,0,0,0,0,25,0,0,0,0,0,0,0,0,0
20241035901,DATAMA1243,M,0,0,0,0,0,0,0,0,0,0,0,0,0,0,0,0,0,0,24,0,0,0,0,0,20,0,0,0,0,0,0,0,0,0
20241037259,DATAMA1243,M,0,0,0,0,0,0,0,0,0,0,0,0,0,0,0,0,0,0,18,0,0,0,0,0,20,0,0,0,0,0,0,0,0,0
20241034121,DATAMA1243,M,0,0,0,0,0,0,0,0,0,0,0,0,0,0,0,0,0,0,28,0,0,0,0,0,20,0,0,0,0,0,0,0,0,0
20241034937,DATAMA1243,M,0,0,0,0,0,0,0,0,0,0,0,0,0,0,0,0,0,0,28,0,0,0,0,0,55,0,0,0,0,0,0,0,0,0
20241038552,DATAMA1243,M,0,0,0,0,0,0,0,0,0,0,0,0,0,0,0,0,0,0,0,0,0,0,0,0,0,0,0,0,0,0,0,0,0,0
20242039473,DATAMA1243,M,0,0,0,0,0,0,0,0,0,0,0,0,0,0,0,0,0,0,6,0,0,0,0,0,25,0,0,0,0,0,0,0,0,0
20241033122,DATAMA1243,M,0,0,0,0,0,0,0,0,0,0,0,0,0,0,0,0,0,0,18,0,0,0,0,0,20,0,0,0,0,0,0,0,0,0
20241037232,DATAMA1243,M,0,0,0,0,0,0,0,0,0,0,0,0,0,0,0,0,0,0,14,0,0,0,0,0,25,0,0,0,0,0,0,0,0,0
20241039073,DATAMA1243,M,0,0,0,0,0,0,0,0,0,0,0,0,0,0,0,0,0,0,20,0,0,0,0,0,20,0,0,0,0,0,0,0,0,0
2023133048,DATAMA1243,M,0,0,0,0,0,0,0,0,0,0,0,0,0,0,0,0,0,0,26,0,0,0,0,0,0,0,0,0,0,0,0,0,0,0
20241032509,DATAMA1243,M,0,0,0,0,0,0,0,0,0,0,0,0,0,0,0,0,0,0,20,0,0,0,0,0,20,0,0,0,0,0,0,0,0,0
20242034969,DATAMA1243,M,0,0,0,0,0,0,0,0,0,0,0,0,0,0,0,0,0,0,11,0,0,0,0,0,0,0,0,0,0,0,0,0,0,0
2022133976,DATAMA1243,M,0,0,0,0,0,0,0,0,0,0,0,0,0,0,0,0,0,0,0,0,0,0,0,0,0,0,0,0,0,0,0,0,0,0
20241034832,DATAMA1243,M,0,0,0,0,0,0,0,0,0,0,0,0,0,0,0,0,0,0,28,0,0,0,0,0,55,0,0,0,0,0,0,0,0,0
2020130759,DATAMA1243,M,0,0,0,0,0,0,0,0,0,0,0,0,0,0,0,0,0,0,26,0,0,0,0,0,25,0,0,0,0,0,0,0,0,0
20241038912,DATAMA1243,M,0,0,0,0,0,0,0,0,0,0,0,0,0,0,0,0,0,0,24,0,0,0,0,0,55,0,0,0,0,0,0,0,0,0
20241033546,DATAMA1243,M,0,0,0,0,0,0,0,0,0,0,0,0,0,0,0,0,0,0,30,0,0,0,0,0,55,0,0,0,0,0,0,0,0,0
20241037106,DATAMA1243,M,0,0,0,0,0,0,0,0,0,0,0,0,0,0,0,0,0,0,27,0,0,0,0,0,55,0,0,0,0,0,0,0,0,0
20242035543,DATAMA1243,M,0,0,0,0,0,0,0,0,0,0,0,0,0,0,0,0,0,0,12,0,0,0,0,0,25,0,0,0,0,0,0,0,0,0
2023230038,DATAMA1243,M,0,0,0,0,0,0,0,0,0,0,0,0,0,0,0,0,0,0,15,0,0,0,0,0,25,0,0,0,0,0,0,0,0,0
20241030377,DATAMA1243,M,0,0,0,0,0,0,0,0,0,0,0,0,0,0,0,0,0,0,28,0,0,0,0,0,55,0,0,0,0,0,0,0,0,0
20241035046,DATAMA1243,M,0,0,0,0,0,0,0,0,0,0,0,0,0,0,0,0,0,0,16,0,0,0,0,0,20,0,0,0,0,0,0,0,0,0
20241037398,DATAMA1243,M,0,0,0,0,0,0,0,0,0,0,0,0,0,0,0,0,0,0,26,0,0,0,0,0,25,0,0,0,0,0,0,0,0,0
20241033359,DATAMA1243,M,0,0,0,0,0,0,0,0,0,0,0,0,0,0,0,0,0,0,19,0,0,0,0,0,20,0,0,0,0,0,0,0,0,0
20241039407,DATAMA1243,M,0,0,0,0,0,0,0,0,0,0,0,0,0,0,0,0,0,0,20,0,0,0,0,0,20,0,0,0,0,0,0,0,0,0
20241039149,DATAMA1243,M,0,0,0,0,0,0,0,0,0,0,0,0,0,0,0,0,0,0,9,0,0,0,0,0,25,0,0,0,0,0,0,0,0,0
20241037074,DATAMA1243,M,0,0,0,0,0,0,0,0,0,0,0,0,0,0,0,0,0,0,18,0,0,0,0,0,25,0,0,0,0,0,0,0,0,0
20241036365,DATAMA1243,M,0,0,0,0,0,0,0,0,0,0,0,0,0,0,0,0,0,0,20,0,0,0,0,0,55,0,0,0,0,0,0,0,0,0
20241039818,DATAMA1243,M,0,0,0,0,0,0,0,0,0,0,0,0,0,0,0,0,0,0,20,0,0,0,0,0,55,0,0,0,0,0,0,0,0,0
20241035282,DATAMA1244,M,0,0,0,0,0,0,0,0,0,0,0,0,0,0,0,0,0,0,20,0,0,0,0,0,100,20,0,0,0,0,0,0,0,0
20241039838,DATAMA1244,M,0,0,0,0,0,0,0,0,0,0,0,0,0,0,0,0,0,0,24,0,0,0,0,0,100,20,0,0,0,0,0,0,0,0
20241039283,DATAMA1244,M,0,0,0,0,0,0,0,0,0,0,0,0,0,0,0,0,0,0,30,0,0,0,0,0,90,15,0,0,0,0,0,0,0,0
20241039194,DATAMA1244,M,0,0,0,0,0,0,0,0,0,0,0,0,0,0,0,0,0,0,30,0,0,0,0,0,90,15,0,0,0,0,0,0,0,0
20241035256,DATAMA1244,M,0,0,0,0,0,0,0,0,0,0,0,0,0,0,0,0,0,0,30,0,0,0,0,0,100,20,0,0,0,0,0,0,0,0
20241033153,DATAMA1244,M,0,0,0,0,0,0,0,0,0,0,0,0,0,0,0,0,0,0,10,0,0,0,0,0,100,40,0,0,0,0,0,0,0,0
20241035460,DATAMA1244,M,0,0,0,0,0,0,0,0,0,0,0,0,0,0,0,0,0,0,30,0,0,0,0,0,90,40,0,0,0,0,0,0,0,0
20241035043,DATAMA1244,M,0,0,0,0,0,0,0,0,0,0,0,0,0,0,0,0,0,0,7,0,0,0,0,0,100,15,0,0,0,0,0,0,0,0
20241036663,DATAMA1244,M,0,0,0,0,0,0,0,0,0,0,0,0,0,0,0,0,0,0,20,0,0,0,0,0,100,20,0,0,0,0,0,0,0,0
2023132902,DATAMA1244,M,0,0,0,0,0,0,0,0,0,0,0,0,0,0,0,0,0,0,14,0,0,0,0,0,100,20,0,0,0,0,0,0,0,0
2023131754,DATAMA1244,M,0,0,0,0,0,0,0,0,0,0,0,0,0,0,0,0,0,0,6,0,0,0,0,0,0,40,0,0,0,0,0,0,0,0
20241036362,DATAMA1244,M,0,0,0,0,0,0,0,0,0,0,0,0,0,0,0,0,0,0,18,0,0,0,0,0,90,40,0,0,0,0,0,0,0,0
20241034576,DATAMA1244,M,0,0,0,0,0,0,0,0,0,0,0,0,0,0,0,0,0,0,28,0,0,0,0,0,90,15,0,0,0,0,0,0,0,0
20241033862,DATAMA1244,M,0,0,0,0,0,0,0,0,0,0,0,0,0,0,0,0,0,0,18,0,0,0,0,0,90,0,0,0,0,0,0,0,0,0
20241037941,DATAMA1244,M,0,0,0,0,0,0,0,0,0,0,0,0,0,0,0,0,0,0,4,0,0,0,0,0,90,40,0,0,0,0,0,0,0,0
20241030375,DATAMA1244,M,0,0,0,0,0,0,0,0,0,0,0,0,0,0,0,0,0,0,18,0,0,0,0,0,90,40,0,0,0,0,0,0,0,0
20241037316,DATAMA1244,M,0,0,0,0,0,0,0,0,0,0,0,0,0,0,0,0,0,0,27,0,0,0,0,0,90,20,0,0,0,0,0,0,0,0
20241034166,DATAMA1244,M,0,0,0,0,0,0,0,0,0,0,0,0,0,0,0,0,0,0,24,0,0,0,0,0,90,15,0,0,0,0,0,0,0,0
20241038655,DATAMA1244,M,0,0,0,0,0,0,0,0,0,0,0,0,0,0,0,0,0,0,10,0,0,0,0,0,100,40,0,0,0,0,0,0,0,0
20241033801,DATAMA1244,M,0,0,0,0,0,0,0,0,0,0,0,0,0,0,0,0,0,0,18,0,0,0,0,0,90,15,0,0,0,0,0,0,0,0
20241035683,DATAMA1244,M,0,0,0,0,0,0,0,0,0,0,0,0,0,0,0,0,0,0,18,0,0,0,0,0,0,15,0,0,0,0,0,0,0,0
20241037713,DATAMA1244,M,0,0,0,0,0,0,0,0,0,0,0,0,0,0,0,0,0,0,14,0,0,0,0,0,90,15,0,0,0,0,0,0,0,0
20241037149,DATAMA1244,M,0,0,0,0,0,0,0,0,0,0,0,0,0,0,0,0,0,0,20,0,0,0,0,0,100,20,0,0,0,0,0,0,0,0
20241038547,DATAMA1244,M,0,0,0,0,0,0,0,0,0,0,0,0,0,0,0,0,0,0,14,0,0,0,0,0,90,15,0,0,0,0,0,0,0,0
20241035870,DATAMA1244,M,0,0,0,0,0,0,0,0,0,0,0,0,0,0,0,0,0,0,28,0,0,0,0,0,90,40,0,0,0,0,0,0,0,0
20241033888,DATAMA1244,M,0,0,0,0,0,0,0,0,0,0,0,0,0,0,0,0,0,0,14,0,0,0,0,0,0,15,0,0,0,0,0,0,0,0
20241032167,DATAMA1244,M,0,0,0,0,0,0,0,0,0,0,0,0,0,0,0,0,0,0,30,0,0,0,0,0,100,20,0,0,0,0,0,0,0,0
20241038326,DATAMA1244,M,0,0,0,0,0,0,0,0,0,0,0,0,0,0,0,0,0,0,20,0,0,0,0,0,100,20,0,0,0,0,0,0,0,0
2023133218,DATAMA1244,M,0,0,0,0,0,0,0,0,0,0,0,0,0,0,0,0,0,0,0,0,0,0,0,0,100,20,0,0,0,0,0,0,0,0
20241034996,DATAMA1244,M,0,0,0,0,0,0,0,0,0,0,0,0,0,0,0,0,0,0,20,0,0,0,0,0,90,40,0,0,0,0,0,0,0,0
20241032160,DATAMA1244,M,0,0,0,0,0,0,0,0,0,0,0,0,0,0,0,0,0,0,0,0,0,0,0,0,0,15,0,0,0,0,0,0,0,0
20241036812,DATAMA1244,M,0,0,0,0,0,0,0,0,0,0,0,0,0,0,0,0,0,0,28,0,0,0,0,0,100,20,0,0,0,0,0,0,0,0
20241034990,DATAMA1244,M,0,0,0,0,0,0,0,0,0,0,0,0,0,0,0,0,0,0,0,0,0,0,0,0,0,40,0,0,0,0,0,0,0,0
20241036091,DATAMA1244,M,0,0,0,0,0,0,0,0,0,0,0,0,0,0,0,0,0,0,30,0,0,0,0,0,90,40,0,0,0,0,0,0,0,0
20241038976,DATAMA1244,M,0,0,0,0,0,0,0,0,0,0,0,0,0,0,0,0,0,0,30,0,0,0,0,0,90,15,0,0,0,0,0,0,0,0
20241033188,DATAMA1244,M,0,0,0,0,0,0,0,0,0,0,0,0,0,0,0,0,0,0,15,0,0,0,0,0,100,20,0,0,0,0,0,0,0,0
20241032627,DATAMA1246,M,0,0,0,0,0,0,0,0,0,0,0,0,0,0,0,0,0,0,2,0,0,0,0,0,30,0,0,0,0,0,0,0,0,0
20241033981,DATAMA1246,M,0,0,0,0,0,0,0,0,0,0,0,0,0,0,0,0,0,0,14,0,0,0,0,0,20,0,0,0,0,0,0,0,0,0
20241035767,DATAMA1246,M,0,0,0,0,0,0,0,0,0,0,0,0,0,0,0,0,0,0,20,0,0,0,0,0,20,0,0,0,0,0,0,0,0,0
20241033992,DATAMA1246,M,0,0,0,0,0,0,0,0,0,0,0,0,0,0,0,0,0,0,0,0,0,0,0,0,30,0,0,0,0,0,0,0,0,0
20241036727,DATAMA1246,M,0,0,0,0,0,0,0,0,0,0,0,0,0,0,0,0,0,0,16,0,0,0,0,0,30,0,0,0,0,0,0,0,0,0
20241037063,DATAMA1246,M,0,0,0,0,0,0,0,0,0,0,0,0,0,0,0,0,0,0,18,0,0,0,0,0,10,0,0,0,0,0,0,0,0,0
20241033781,DATAMA1246,M,0,0,0,0,0,0,0,0,0,0,0,0,0,0,0,0,0,0,18,0,0,0,0,0,10,0,0,0,0,0,0,0,0,0
20241032565,DATAMA1246,M,0,0,0,0,0,0,0,0,0,0,0,0,0,0,0,0,0,0,17,0,0,0,0,0,20,0,0,0,0,0,0,0,0,0
20241034486,DATAMA1246,M,0,0,0,0,0,0,0,0,0,0,0,0,0,0,0,0,0,0,17,0,0,0,0,0,10,0,0,0,0,0,0,0,0,0
20241033396,DATAMA1246,M,0,0,0,0,0,0,0,0,0,0,0,0,0,0,0,0,0,0,18,0,0,0,0,0,20,0,0,0,0,0,0,0,0,0
20241033709,DATAMA1246,M,0,0,0,0,0,0,0,0,0,0,0,0,0,0,0,0,0,0,14,0,0,0,0,0,10,0,0,0,0,0,0,0,0,0
20241039038,DATAMA1246,M,0,0,0,0,0,0,0,0,0,0,0,0,0,0,0,0,0,0,18,0,0,0,0,0,20,0,0,0,0,0,0,0,0,0
20241037877,DATAMA1246,M,0,0,0,0,0,0,0,0,0,0,0,0,0,0,0,0,0,0,17,0,0,0,0,0,30,0,0,0,0,0,0,0,0,0
20241033572,DATAMA1246,M,0,0,0,0,0,0,0,0,0,0,0,0,0,0,0,0,0,0,19,0,0,0,0,0,10,0,0,0,0,0,0,0,0,0
20241034237,DATAMA1246,M,0,0,0,0,0,0,0,0,0,0,0,0,0,0,0,0,0,0,18,0,0,0,0,0,20,0,0,0,0,0,0,0,0,0
20241038244,DATAMA1246,M,0,0,0,0,0,0,0,0,0,0,0,0,0,0,0,0,0,0,19,0,0,0,0,0,30,0,0,0,0,0,0,0,0,0
20241036970,DATAMA1246,M,0,0,0,0,0,0,0,0,0,0,0,0,0,0,0,0,0,0,18,0,0,0,0,0,10,0,0,0,0,0,0,0,0,0
20241037736,DATAMA1246,M,0,0,0,0,0,0,0,0,0,0,0,0,0,0,0,0,0,0,20,0,0,0,0,0,30,0,0,0,0,0,0,0,0,0
20241030607,DATAMA1246,M,0,0,0,0,0,0,0,0,0,0,0,0,0,0,0,0,0,0,20,0,0,0,0,0,30,0,0,0,0,0,0,0,0,0
20241038601,DATAMA1246,M,0,0,0,0,0,0,0,0,0,0,0,0,0,0,0,0,0,0,16,0,0,0,0,0,10,0,0,0,0,0,0,0,0,0
20241030971,DATAMA1246,M,0,0,0,0,0,0,0,0,0,0,0,0,0,0,0,0,0,0,8,0,0,0,0,0,30,0,0,0,0,0,0,0,0,0
20241030784,DATAMA1246,M,0,0,0,0,0,0,0,0,0,0,0,0,0,0,0,0,0,0,16,0,0,0,0,0,30,0,0,0,0,0,0,0,0,0
20241032291,DATAMA1246,M,0,0,0,0,0,0,0,0,0,0,0,0,0,0,0,0,0,0,20,0,0,0,0,0,0,0,0,0,0,0,0,0,0,0
20241038296,DATAMA1246,M,0,0,0,0,0,0,0,0,0,0,0,0,0,0,0,0,0,0,12,0,0,0,0,0,10,0,0,0,0,0,0,0,0,0
20241036424,DATAMA1246,M,0,0,0,0,0,0,0,0,0,0,0,0,0,0,0,0,0,0,20,0,0,0,0,0,30,0,0,0,0,0,0,0,0,0
20241036866,DATAMA1246,M,0,0,0,0,0,0,0,0,0,0,0,0,0,0,0,0,0,0,16,0,0,0,0,0,0,0,0,0,0,0,0,0,0,0
20241032572,DATAMA1246,M,0,0,0,0,0,0,0,0,0,0,0,0,0,0,0,0,0,0,20,0,0,0,0,0,20,0,0,0,0,0,0,0,0,0
20241033638,DATAMA1246,M,0,0,0,0,0,0,0,0,0,0,0,0,0,0,0,0,0,0,16,0,0,0,0,0,0,0,0,0,0,0,0,0,0,0
20241030997,DATAMA1246,M,0,0,0,0,0,0,0,0,0,0,0,0,0,0,0,0,0,0,14,0,0,0,0,0,20,0,0,0,0,0,0,0,0,0
20241035387,DATAMA1246,M,0,0,0,0,0,0,0,0,0,0,0,0,0,0,0,0,0,0,14,0,0,0,0,0,0,0,0,0,0,0,0,0,0,0
20241032173,DATAMA1246,M,0,0,0,0,0,0,0,0,0,0,0,0,0,0,0,0,0,0,15,0,0,0,0,0,10,0,0,0,0,0,0,0,0,0
20241038818,DATAMA1246,M,0,0,0,0,0,0,0,0,0,0,0,0,0,0,0,0,0,0,18,0,0,0,0,0,10,0,0,0,0,0,0,0,0,0
20241030751,DATAMA1246,M,0,0,0,0,0,0,0,0,0,0,0,0,0,0,0,0,0,0,16,0,0,0,0,0,20,0,0,0,0,0,0,0,0,0
20241037450,DATAMA1246,M,0,0,0,0,0,0,0,0,0,0,0,0,0,0,0,0,0,0,11,0,0,0,0,0,0,0,0,0,0,0,0,0,0,0
20241036686,DATAMA1246,M,0,0,0,0,0,0,0,0,0,0,0,0,0,0,0,0,0,0,17,0,0,0,0,0,10,0,0,0,0,0,0,0,0,0
20241035121,DATAMA1246,M,0,0,0,0,0,0,0,0,0,0,0,0,0,0,0,0,0,0,16,0,0,0,0,0,20,0,0,0,0,0,0,0,0,0
20241030913,DATAMA1246,M,0,0,0,0,0,0,0,0,0,0,0,0,0,0,0,0,0,0,16,0,0,0,0,0,20,0,0,0,0,0,0,0,0,0
20241030143,USERDES241,M,0,0,0,0,0,0,0,0,0,0,0,0,0,0,0,0,0,0,3.5,0,0,0,0,0,30,0,0,0,0,0,0,0,0,0
20241031590,USERDES241,M,0,0,0,0,0,0,0,0,0,0,0,0,0,0,0,0,0,0,14.5,0,0,0,0,0,30,0,0,0,0,0,0,0,0,0
20241030089,USERDES241,M,0,0,0,0,0,0,0,0,0,0,0,0,0,0,0,0,0,0,5.5,0,0,0,0,0,30,0,0,0,0,0,0,0,0,0
20241031382,USERDES241,M,0,0,0,0,0,0,0,0,0,0,0,0,0,0,0,0,0,0,2,0,0,0,0,0,0,0,0,0,0,0,0,0,0,0
20241031331,USERDES241,M,0,0,0,0,0,0,0,0,0,0,0,0,0,0,0,0,0,0,10,0,0,0,0,0,30,0,0,0,0,0,0,0,0,0
20241030194,USERDES241,M,0,0,0,0,0,0,0,0,0,0,0,0,0,0,0,0,0,0,15.5,0,0,0,0,0,30,0,0,0,0,0,0,0,0,0
20241031626,USERDES241,M,0,0,0,0,0,0,0,0,0,0,0,0,0,0,0,0,0,0,13.5,0,0,0,0,0,0,0,0,0,0,0,0,0,0,0
20241031374,USERDES241,M,0,0,0,0,0,0,0,0,0,0,0,0,0,0,0,0,0,0,5.5,0,0,0,0,0,30,0,0,0,0,0,0,0,0,0
2023330069,USERDES241,M,0,0,0,0,0,0,0,0,0,0,0,0,0,0,0,0,0,0,21,0,0,0,0,0,0,0,0,0,0,0,0,0,0,0
20241030065,USERDES241,M,0,0,0,0,0,0,0,0,0,0,0,0,0,0,0,0,0,0,19,0,0,0,0,0,30,0,0,0,0,0,0,0,0,0
20241031624,USERDES241,M,0,0,0,0,0,0,0,0,0,0,0,0,0,0,0,0,0,0,17,0,0,0,0,0,30,0,0,0,0,0,0,0,0,0
2023132512,USERDES241,M,0,0,0,0,0,0,0,0,0,0,0,0,0,0,0,0,0,0,0,0,0,0,0,0,0,0,0,0,0,0,0,0,0,0
20241031433,USERDES241,M,0,0,0,0,0,0,0,0,0,0,0,0,0,0,0,0,0,0,16.5,0,0,0,0,0,30,0,0,0,0,0,0,0,0,0
20241030172,USERDES241,M,0,0,0,0,0,0,0,0,0,0,0,0,0,0,0,0,0,0,5,0,0,0,0,0,30,0,0,0,0,0,0,0,0,0
20241031411,USERDES241,M,0,0,0,0,0,0,0,0,0,0,0,0,0,0,0,0,0,0,21,0,0,0,0,0,30,0,0,0,0,0,0,0,0,0
20241030091,USERDES241,M,0,0,0,0,0,0,0,0,0,0,0,0,0,0,0,0,0,0,3.5,0,0,0,0,0,30,0,0,0,0,0,0,0,0,0
20241031366,USERDES241,M,0,0,0,0,0,0,0,0,0,0,0,0,0,0,0,0,0,0,3,0,0,0,0,0,30,0,0,0,0,0,0,0,0,0
20242038170,USERDES241,M,0,0,0,0,0,0,0,0,0,0,0,0,0,0,0,0,0,0,21.5,0,0,0,0,0,30,0,0,0,0,0,0,0,0,0
20241038081,USERDES241,M,0,0,0,0,0,0,0,0,0,0,0,0,0,0,0,0,0,0,10,0,0,0,0,0,30,0,0,0,0,0,0,0,0,0
20241031349,USERDES241,M,0,0,0,0,0,0,0,0,0,0,0,0,0,0,0,0,0,0,3,0,0,0,0,0,30,0,0,0,0,0,0,0,0,0
20241030150,USERDES241,M,0,0,0,0,0,0,0,0,0,0,0,0,0,0,0,0,0,0,18,0,0,0,0,0,30,0,0,0,0,0,0,0,0,0
20241031486,USERDES241,M,0,0,0,0,0,0,0,0,0,0,0,0,0,0,0,0,0,0,0,0,0,0,0,0,0,0,0,0,0,0,0,0,0,0
20241031505,USERDES241,M,0,0,0,0,0,0,0,0,0,0,0,0,0,0,0,0,0,0,5.5,0,0,0,0,0,30,0,0,0,0,0,0,0,0,0
20241031206,USERDES241,M,0,0,0,0,0,0,0,0,0,0,0,0,0,0,0,0,0,0,21,0,0,0,0,0,30,0,0,0,0,0,0,0,0,0
20241034496,USERDES241,M,0,0,0,0,0,0,0,0,0,0,0,0,0,0,0,0,0,0,9,0,0,0,0,0,0,0,0,0,0,0,0,0,0,0
20241030116,USERDES241,M,0,0,0,0,0,0,0,0,0,0,0,0,0,0,0,0,0,0,3,0,0,0,0,0,0,0,0,0,0,0,0,0,0,0
20241030021,USERDES241,M,0,0,0,0,0,0,0,0,0,0,0,0,0,0,0,0,0,0,22.5,0,0,0,0,0,30,0,0,0,0,0,0,0,0,0
20241031570,USERDES241,M,0,0,0,0,0,0,0,0,0,0,0,0,0,0,0,0,0,0,8,0,0,0,0,0,30,0,0,0,0,0,0,0,0,0
20251036986,USERDES241,M,0,0,0,0,0,0,0,0,0,0,0,0,0,0,0,0,0,0,11.5,0,0,0,0,0,30,0,0,0,0,0,0,0,0,0
2023330060,USERDES241,M,0,0,0,0,0,0,0,0,0,0,0,0,0,0,0,0,0,0,17.5,0,0,0,0,0,30,0,0,0,0,0,0,0,0,0
20241031630,USERDES241,M,0,0,0,0,0,0,0,0,0,0,0,0,0,0,0,0,0,0,16,0,0,0,0,0,30,0,0,0,0,0,0,0,0,0
20241031562,USERDES241,M,0,0,0,0,0,0,0,0,0,0,0,0,0,0,0,0,0,0,22,0,0,0,0,0,30,0,0,0,0,0,0,0,0,0
20241031523,USERDES241,M,0,0,0,0,0,0,0,0,0,0,0,0,0,0,0,0,0,0,14,0,0,0,0,0,30,0,0,0,0,0,0,0,0,0
20241031348,USERDES241,M,0,0,0,0,0,0,0,0,0,0,0,0,0,0,0,0,0,0,7,0,0,0,0,0,30,0,0,0,0,0,0,0,0,0
20241031342,USERDES241,M,0,0,0,0,0,0,0,0,0,0,0,0,0,0,0,0,0,0,17,0,0,0,0,0,30,0,0,0,0,0,0,0,0,0
20241031412,USERDES241,M,0,0,0,0,0,0,0,0,0,0,0,0,0,0,0,0,0,0,27,0,0,0,0,0,30,0,0,0,0,0,0,0,0,0
20241030019,USERDES241,M,0,0,0,0,0,0,0,0,0,0,0,0,0,0,0,0,0,0,25,0,0,0,0,0,30,0,0,0,0,0,0,0,0,0
2023230038,USERDES241,M,0,0,0,0,0,0,0,0,0,0,0,0,0,0,0,0,0,0,12.5,0,0,0,0,0,30,0,0,0,0,0,0,0,0,0
20241030147,USERDES241,M,0,0,0,0,0,0,0,0,0,0,0,0,0,0,0,0,0,0,26,0,0,0,0,0,30,0,0,0,0,0,0,0,0,0
20241030032,USERDES241,M,0,0,0,0,0,0,0,0,0,0,0,0,0,0,0,0,0,0,26,0,0,0,0,0,30,0,0,0,0,0,0,0,0,0
20241031625,USERDES241,M,0,0,0,0,0,0,0,0,0,0,0,0,0,0,0,0,0,0,24.5,0,0,0,0,0,30,0,0,0,0,0,0,0,0,0
20241030175,USERDES241,M,0,0,0,0,0,0,0,0,0,0,0,0,0,0,0,0,0,0,8.5,0,0,0,0,0,0,0,0,0,0,0,0,0,0,0
20241030101,USERDES241,M,0,0,0,0,0,0,0,0,0,0,0,0,0,0,0,0,0,0,24,0,0,0,0,0,30,0,0,0,0,0,0,0,0,0
20241038355,USERDES243,M,0,0,0,0,0,0,0,0,0,0,0,0,0,0,0,0,0,0,25,0,0,0,0,0,0,0,0,50,0,0,0,0,0,0
20241038935,USERDES243,M,0,0,0,0,0,0,0,0,0,0,0,0,0,0,0,0,0,0,19,0,0,0,0,0,0,0,0,0,0,0,0,0,0,0
20241037047,USERDES243,M,0,0,0,0,0,0,0,0,0,0,0,0,0,0,0,0,0,0,27,0,0,0,0,0,0,0,0,50,0,0,0,0,0,0
20241032667,USERDES243,M,0,0,0,0,0,0,0,0,0,0,0,0,0,0,0,0,0,0,25,0,0,0,0,0,0,0,0,50,0,0,0,0,0,0
20241032263,USERDES243,M,0,0,0,0,0,0,0,0,0,0,0,0,0,0,0,0,0,0,26,0,0,0,0,0,0,0,0,50,0,0,0,0,0,0
20241032063,USERDES243,M,0,0,0,0,0,0,0,0,0,0,0,0,0,0,0,0,0,0,17,0,0,0,0,0,0,0,0,50,0,0,0,0,0,0
20241034993,USERDES243,M,0,0,0,0,0,0,0,0,0,0,0,0,0,0,0,0,0,0,20,0,0,0,0,0,0,0,0,45,0,0,0,0,0,0
20241039455,USERDES243,M,0,0,0,0,0,0,0,0,0,0,0,0,0,0,0,0,0,0,18,0,0,0,0,0,0,0,0,50,0,0,0,0,0,0
20241034710,USERDES243,M,0,0,0,0,0,0,0,0,0,0,0,0,0,0,0,0,0,0,26,0,0,0,0,0,0,0,0,50,0,0,0,0,0,0
2023330038,USERDES243,M,0,0,0,0,0,0,0,0,0,0,0,0,0,0,0,0,0,0,20,0,0,0,0,0,0,0,0,50,0,0,0,0,0,0
20241037555,USERDES243,M,0,0,0,0,0,0,0,0,0,0,0,0,0,0,0,0,0,0,23,0,0,0,0,0,0,0,0,50,0,0,0,0,0,0
20241031665,USERDES243,M,0,0,0,0,0,0,0,0,0,0,0,0,0,0,0,0,0,0,18,0,0,0,0,0,0,0,0,50,0,0,0,0,0,0
20241031162,USERDES243,M,0,0,0,0,0,0,0,0,0,0,0,0,0,0,0,0,0,0,16,0,0,0,0,0,0,0,0,50,0,0,0,0,0,0
20241030932,USERDES243,M,0,0,0,0,0,0,0,0,0,0,0,0,0,0,0,0,0,0,16,0,0,0,0,0,0,0,0,50,0,0,0,0,0,0
20241035901,USERDES243,M,0,0,0,0,0,0,0,0,0,0,0,0,0,0,0,0,0,0,19,0,0,0,0,0,0,0,0,50,0,0,0,0,0,0
20241037259,USERDES243,M,0,0,0,0,0,0,0,0,0,0,0,0,0,0,0,0,0,0,26,0,0,0,0,0,0,0,0,50,0,0,0,0,0,0
20241034121,USERDES243,M,0,0,0,0,0,0,0,0,0,0,0,0,0,0,0,0,0,0,22,0,0,0,0,0,0,0,0,50,0,0,0,0,0,0
20241034937,USERDES243,M,0,0,0,0,0,0,0,0,0,0,0,0,0,0,0,0,0,0,19,0,0,0,0,0,0,0,0,50,0,0,0,0,0,0
20241038552,USERDES243,M,0,0,0,0,0,0,0,0,0,0,0,0,0,0,0,0,0,0,20,0,0,0,0,0,0,0,0,50,0,0,0,0,0,0
20242039473,USERDES243,M,0,0,0,0,0,0,0,0,0,0,0,0,0,0,0,0,0,0,19,0,0,0,0,0,0,0,0,50,0,0,0,0,0,0
20241033122,USERDES243,M,0,0,0,0,0,0,0,0,0,0,0,0,0,0,0,0,0,0,19,0,0,0,0,0,0,0,0,50,0,0,0,0,0,0
20241037232,USERDES243,M,0,0,0,0,0,0,0,0,0,0,0,0,0,0,0,0,0,0,23,0,0,0,0,0,0,0,0,50,0,0,0,0,0,0
20241039073,USERDES243,M,0,0,0,0,0,0,0,0,0,0,0,0,0,0,0,0,0,0,20,0,0,0,0,0,0,0,0,50,0,0,0,0,0,0
2023133048,USERDES243,M,0,0,0,0,0,0,0,0,0,0,0,0,0,0,0,0,0,0,0,0,0,0,0,0,0,0,0,0,0,0,0,0,0,0
20241032509,USERDES243,M,0,0,0,0,0,0,0,0,0,0,0,0,0,0,0,0,0,0,21,0,0,0,0,0,0,0,0,50,0,0,0,0,0,0
20241032855,USERDES243,M,0,0,0,0,0,0,0,0,0,0,0,0,0,0,0,0,0,0,0,0,0,0,0,0,0,0,0,50,0,0,0,0,0,0
20242034969,USERDES243,M,0,0,0,0,0,0,0,0,0,0,0,0,0,0,0,0,0,0,16,0,0,0,0,0,0,0,0,48,0,0,0,0,0,0
20241034832,USERDES243,M,0,0,0,0,0,0,0,0,0,0,0,0,0,0,0,0,0,0,17,0,0,0,0,0,0,0,0,45,0,0,0,0,0,0
20241038912,USERDES243,M,0,0,0,0,0,0,0,0,0,0,0,0,0,0,0,0,0,0,17,0,0,0,0,0,0,0,0,50,0,0,0,0,0,0
20241033546,USERDES243,M,0,0,0,0,0,0,0,0,0,0,0,0,0,0,0,0,0,0,10,0,0,0,0,0,0,0,0,50,0,0,0,0,0,0
20241037106,USERDES243,M,0,0,0,0,0,0,0,0,0,0,0,0,0,0,0,0,0,0,24,0,0,0,0,0,0,0,0,50,0,0,0,0,0,0
20242035543,USERDES243,M,0,0,0,0,0,0,0,0,0,0,0,0,0,0,0,0,0,0,18,0,0,0,0,0,0,0,0,50,0,0,0,0,0,0
20241030377,USERDES243,M,0,0,0,0,0,0,0,0,0,0,0,0,0,0,0,0,0,0,21,0,0,0,0,0,0,0,0,50,0,0,0,0,0,0
20241035046,USERDES243,M,0,0,0,0,0,0,0,0,0,0,0,0,0,0,0,0,0,0,18,0,0,0,0,0,0,0,0,45,0,0,0,0,0,0
20241037398,USERDES243,M,0,0,0,0,0,0,0,0,0,0,0,0,0,0,0,0,0,0,22,0,0,0,0,0,0,0,0,45,0,0,0,0,0,0
2023132200,USERDES243,M,0,0,0,0,0,0,0,0,0,0,0,0,0,0,0,0,0,0,0,0,0,0,0,0,0,0,0,0,0,0,0,0,0,0
20241033359,USERDES243,M,0,0,0,0,0,0,0,0,0,0,0,0,0,0,0,0,0,0,14,0,0,0,0,0,0,0,0,50,0,0,0,0,0,0
20241039407,USERDES243,M,0,0,0,0,0,0,0,0,0,0,0,0,0,0,0,0,0,0,18,0,0,0,0,0,0,0,0,50,0,0,0,0,0,0
20241039149,USERDES243,M,0,0,0,0,0,0,0,0,0,0,0,0,0,0,0,0,0,0,16,0,0,0,0,0,0,0,0,50,0,0,0,0,0,0
20241037074,USERDES243,M,0,0,0,0,0,0,0,0,0,0,0,0,0,0,0,0,0,0,16,0,0,0,0,0,0,0,0,0,0,0,0,0,0,0
20241036365,USERDES243,M,0,0,0,0,0,0,0,0,0,0,0,0,0,0,0,0,0,0,25,0,0,0,0,0,0,0,0,50,0,0,0,0,0,0
20241039818,USERDES243,M,0,0,0,0,0,0,0,0,0,0,0,0,0,0,0,0,0,0,24,0,0,0,0,0,0,0,0,50,0,0,0,0,0,0
2023130608,USERDES243,M,0,0,0,0,0,0,0,0,0,0,0,0,0,0,0,0,0,0,28,0,0,0,0,0,0,0,0,50,0,0,0,0,0,0
20241032627,USERDES246,M,0,0,0,0,0,0,0,0,0,0,0,0,0,0,0,0,0,0,1,0,0,0,0,0,25,0,0,0,85,0,0,0,0,0
20241033981,USERDES246,M,0,0,0,0,0,0,0,0,0,0,0,0,0,0,0,0,0,0,11,0,0,0,0,0,30,0,0,50,85,0,0,0,0,0
20241035767,USERDES246,M,0,0,0,0,0,0,0,0,0,0,0,0,0,0,0,0,0,0,16,0,0,0,0,0,30,0,0,50,85,0,0,0,0,0
2023133641,USERDES246,M,0,0,0,0,0,0,0,0,0,0,0,0,0,0,0,0,0,0,0,0,0,0,0,0,0,0,0,0,0,0,0,0,0,0
20241033992,USERDES246,M,0,0,0,0,0,0,0,0,0,0,0,0,0,0,0,0,0,0,9,0,0,0,0,0,30,0,0,50,85,0,0,0,0,0
20241036727,USERDES246,M,0,0,0,0,0,0,0,0,0,0,0,0,0,0,0,0,0,0,12,0,0,0,0,0,30,0,0,50,85,0,0,0,0,0
20241037063,USERDES246,M,0,0,0,0,0,0,0,0,0,0,0,0,0,0,0,0,0,0,8,0,0,0,0,0,30,0,0,50,85,0,0,0,0,0
20241033781,USERDES246,M,0,0,0,0,0,0,0,0,0,0,0,0,0,0,0,0,0,0,6,0,0,0,0,0,0,0,0,50,85,0,0,0,0,0
20241032565,USERDES246,M,0,0,0,0,0,0,0,0,0,0,0,0,0,0,0,0,0,0,9,0,0,0,0,0,30,0,0,50,85,0,0,0,0,0
20241034486,USERDES246,M,0,0,0,0,0,0,0,0,0,0,0,0,0,0,0,0,0,0,16,0,0,0,0,0,30,0,0,50,85,0,0,0,0,0
20241033396,USERDES246,M,0,0,0,0,0,0,0,0,0,0,0,0,0,0,0,0,0,0,13,0,0,0,0,0,30,0,0,50,85,0,0,0,0,0
20241033709,USERDES246,M,0,0,0,0,0,0,0,0,0,0,0,0,0,0,0,0,0,0,8,0,0,0,0,0,30,0,0,45,85,0,0,0,0,0
20241039038,USERDES246,M,0,0,0,0,0,0,0,0,0,0,0,0,0,0,0,0,0,0,6,0,0,0,0,0,0,0,0,50,90,0,0,0,0,0
20241037877,USERDES246,M,0,0,0,0,0,0,0,0,0,0,0,0,0,0,0,0,0,0,13,0,0,0,0,0,0,0,0,46,90,0,0,0,0,0
2023133046,USERDES246,M,0,0,0,0,0,0,0,0,0,0,0,0,0,0,0,0,0,0,0,0,0,0,0,0,30,0,0,50,0,0,0,0,0,0
20241033572,USERDES246,M,0,0,0,0,0,0,0,0,0,0,0,0,0,0,0,0,0,0,9,0,0,0,0,0,30,0,0,50,85,0,0,0,0,0
20241034237,USERDES246,M,0,0,0,0,0,0,0,0,0,0,0,0,0,0,0,0,0,0,12,0,0,0,0,0,30,0,0,50,90,0,0,0,0,0
2023132902,USERDES246,M,0,0,0,0,0,0,0,0,0,0,0,0,0,0,0,0,0,0,6,0,0,0,0,0,0,0,0,50,85,0,0,0,0,0
20241038244,USERDES246,M,0,0,0,0,0,0,0,0,0,0,0,0,0,0,0,0,0,0,16,0,0,0,0,0,30,0,0,50,85,0,0,0,0,0
2023131754,USERDES246,M,0,0,0,0,0,0,0,0,0,0,0,0,0,0,0,0,0,0,6,0,0,0,0,0,0,0,0,50,85,0,0,0,0,0
20241036970,USERDES246,M,0,0,0,0,0,0,0,0,0,0,0,0,0,0,0,0,0,0,10,0,0,0,0,0,0,0,0,50,85,0,0,0,0,0
20241037736,USERDES246,M,0,0,0,0,0,0,0,0,0,0,0,0,0,0,0,0,0,0,16,0,0,0,0,0,30,0,0,50,85,0,0,0,0,0
20241030607,USERDES246,M,0,0,0,0,0,0,0,0,0,0,0,0,0,0,0,0,0,0,18,0,0,0,0,0,30,0,0,50,85,0,0,0,0,0
20241038601,USERDES246,M,0,0,0,0,0,0,0,0,0,0,0,0,0,0,0,0,0,0,7,0,0,0,0,0,30,0,0,50,85,0,0,0,0,0
20241030971,USERDES246,M,0,0,0,0,0,0,0,0,0,0,0,0,0,0,0,0,0,0,6,0,0,0,0,0,30,0,0,45,90,0,0,0,0,0
20241030784,USERDES246,M,0,0,0,0,0,0,0,0,0,0,0,0,0,0,0,0,0,0,10,0,0,0,0,0,30,0,0,50,85,0,0,0,0,0
20241032291,USERDES246,M,0,0,0,0,0,0,0,0,0,0,0,0,0,0,0,0,0,0,11,0,0,0,0,0,0,0,0,0,0,0,0,0,0,0
20241038296,USERDES246,M,0,0,0,0,0,0,0,0,0,0,0,0,0,0,0,0,0,0,10,0,0,0,0,0,30,0,0,50,85,0,0,0,0,0
20241036424,USERDES246,M,0,0,0,0,0,0,0,0,0,0,0,0,0,0,0,0,0,0,14,0,0,0,0,0,30,0,0,50,85,0,0,0,0,0
20241036866,USERDES246,M,0,0,0,0,0,0,0,0,0,0,0,0,0,0,0,0,0,0,12,0,0,0,0,0,30,0,0,50,85,0,0,0,0,0
20241033638,USERDES246,M,0,0,0,0,0,0,0,0,0,0,0,0,0,0,0,0,0,0,6,0,0,0,0,0,30,0,0,48,85,0,0,0,0,0
20241030997,USERDES246,M,0,0,0,0,0,0,0,0,0,0,0,0,0,0,0,0,0,0,16,0,0,0,0,0,30,0,0,50,85,0,0,0,0,0
20241035387,USERDES246,M,0,0,0,0,0,0,0,0,0,0,0,0,0,0,0,0,0,0,9,0,0,0,0,0,30,0,0,0,85,0,0,0,0,0
20241032173,USERDES246,M,0,0,0,0,0,0,0,0,0,0,0,0,0,0,0,0,0,0,9,0,0,0,0,0,0,0,0,50,85,0,0,0,0,0
20241038818,USERDES246,M,0,0,0,0,0,0,0,0,0,0,0,0,0,0,0,0,0,0,6,0,0,0,0,0,30,0,0,50,85,0,0,0,0,0
20241030751,USERDES246,M,0,0,0,0,0,0,0,0,0,0,0,0,0,0,0,0,0,0,12,0,0,0,0,0,30,0,0,50,90,0,0,0,0,0
20241037450,USERDES246,M,0,0,0,0,0,0,0,0,0,0,0,0,0,0,0,0,0,0,11,0,0,0,0,0,30,0,0,50,85,0,0,0,0,0
20241036686,USERDES246,M,0,0,0,0,0,0,0,0,0,0,0,0,0,0,0,0,0,0,14,0,0,0,0,0,30,0,0,50,85,0,0,0,0,0
20241035121,USERDES246,M,0,0,0,0,0,0,0,0,0,0,0,0,0,0,0,0,0,0,18,0,0,0,0,0,30,0,0,50,85,0,0,0,0,0
20241030913,USERDES246,M,0,0,0,0,0,0,0,0,0,0,0,0,0,0,0,0,0,0,0,0,0,0,0,0,30,0,0,50,90,0,0,0,0,0
20241038878,USERDES247,M,0,0,0,0,0,0,0,0,0,0,0,0,0,0,0,0,0,0,11,0,0,0,0,0,0,0,0,50,0,0,0,0,0,0
20241032949,USERDES247,M,0,0,0,0,0,0,0,0,0,0,0,0,0,0,0,0,0,0,12,0,0,0,0,0,0,0,0,50,0,0,0,0,0,0
20241033020,USERDES247,M,0,0,0,0,0,0,0,0,0,0,0,0,0,0,0,0,0,0,8,0,0,0,0,0,0,0,0,50,0,0,0,0,0,0
20241039258,USERDES247,M,0,0,0,0,0,0,0,0,0,0,0,0,0,0,0,0,0,0,20,0,0,0,0,0,0,0,0,50,0,0,0,0,0,0
2022230112,USERDES247,M,0,0,0,0,0,0,0,0,0,0,0,0,0,0,0,0,0,0,24,0,0,0,0,0,0,0,0,50,0,0,0,0,0,0
2023132305,USERDES247,M,0,0,0,0,0,0,0,0,0,0,0,0,0,0,0,0,0,0,14,0,0,0,0,0,0,0,0,50,0,0,0,0,0,0
20241035633,USERDES247,M,0,0,0,0,0,0,0,0,0,0,0,0,0,0,0,0,0,0,15,0,0,0,0,0,0,0,0,50,0,0,0,0,0,0
20241037442,USERDES247,M,0,0,0,0,0,0,0,0,0,0,0,0,0,0,0,0,0,0,11,0,0,0,0,0,0,0,0,48,0,0,0,0,0,0
20241038630,USERDES247,M,0,0,0,0,0,0,0,0,0,0,0,0,0,0,0,0,0,0,17,0,0,0,0,0,0,0,0,50,0,0,0,0,0,0
20241030149,USERDES247,M,0,0,0,0,0,0,0,0,0,0,0,0,0,0,0,0,0,0,16,0,0,0,0,0,0,0,0,45,0,0,0,0,0,0
20241036275,USERDES247,M,0,0,0,0,0,0,0,0,0,0,0,0,0,0,0,0,0,0,14,0,0,0,0,0,0,0,0,50,0,0,0,0,0,0
20241039835,USERDES247,M,0,0,0,0,0,0,0,0,0,0,0,0,0,0,0,0,0,0,21,0,0,0,0,0,0,0,0,50,0,0,0,0,0,0
20241036842,USERDES247,M,0,0,0,0,0,0,0,0,0,0,0,0,0,0,0,0,0,0,19,0,0,0,0,0,0,0,0,0,0,0,0,0,0,0
20241037284,USERDES247,M,0,0,0,0,0,0,0,0,0,0,0,0,0,0,0,0,0,0,27,0,0,0,0,0,0,0,0,0,0,0,0,0,0,0
2023330059,USERDES247,M,0,0,0,0,0,0,0,0,0,0,0,0,0,0,0,0,0,0,22,0,0,0,0,0,0,0,0,50,0,0,0,0,0,0
20241031025,USERDES247,M,0,0,0,0,0,0,0,0,0,0,0,0,0,0,0,0,0,0,16,0,0,0,0,0,0,0,0,45,0,0,0,0,0,0
20241036404,USERDES247,M,0,0,0,0,0,0,0,0,0,0,0,0,0,0,0,0,0,0,22,0,0,0,0,0,0,0,0,50,0,0,0,0,0,0
20241036237,USERDES247,M,0,0,0,0,0,0,0,0,0,0,0,0,0,0,0,0,0,0,13,0,0,0,0,0,0,0,0,50,0,0,0,0,0,0
20241036652,USERDES247,M,0,0,0,0,0,0,0,0,0,0,0,0,0,0,0,0,0,0,11,0,0,0,0,0,0,0,0,50,0,0,0,0,0,0
20241035497,USERDES247,M,0,0,0,0,0,0,0,0,0,0,0,0,0,0,0,0,0,0,14,0,0,0,0,0,0,0,0,50,0,0,0,0,0,0
20241035847,USERDES247,M,0,0,0,0,0,0,0,0,0,0,0,0,0,0,0,0,0,0,21,0,0,0,0,0,0,0,0,45,0,0,0,0,0,0
20241030795,USERDES247,M,0,0,0,0,0,0,0,0,0,0,0,0,0,0,0,0,0,0,23,0,0,0,0,0,0,0,0,50,0,0,0,0,0,0
20241039272,USERDES247,M,0,0,0,0,0,0,0,0,0,0,0,0,0,0,0,0,0,0,26,0,0,0,0,0,0,0,0,50,0,0,0,0,0,0
20241035416,USERDES247,M,0,0,0,0,0,0,0,0,0,0,0,0,0,0,0,0,0,0,0,0,0,0,0,0,0,0,0,50,0,0,0,0,0,0
20241032270,USERDES247,M,0,0,0,0,0,0,0,0,0,0,0,0,0,0,0,0,0,0,19,0,0,0,0,0,0,0,0,45,0,0,0,0,0,0
20241036368,USERDES247,M,0,0,0,0,0,0,0,0,0,0,0,0,0,0,0,0,0,0,22,0,0,0,0,0,0,0,0,50,0,0,0,0,0,0
20241038143,USERDES247,M,0,0,0,0,0,0,0,0,0,0,0,0,0,0,0,0,0,0,26,0,0,0,0,0,0,0,0,50,0,0,0,0,0,0
20241035759,USERDES247,M,0,0,0,0,0,0,0,0,0,0,0,0,0,0,0,0,0,0,14,0,0,0,0,0,0,0,0,0,0,0,0,0,0,0
20241033972,USERDES247,M,0,0,0,0,0,0,0,0,0,0,0,0,0,0,0,0,0,0,12,0,0,0,0,0,0,0,0,50,0,0,0,0,0,0
20241036909,USERDES247,M,0,0,0,0,0,0,0,0,0,0,0,0,0,0,0,0,0,0,11,0,0,0,0,0,0,0,0,50,0,0,0,0,0,0
20241039251,USERDES247,M,0,0,0,0,0,0,0,0,0,0,0,0,0,0,0,0,0,0,13,0,0,0,0,0,0,0,0,50,0,0,0,0,0,0
2023330077,USERDES247,M,0,0,0,0,0,0,0,0,0,0,0,0,0,0,0,0,0,0,20,0,0,0,0,0,0,0,0,50,0,0,0,0,0,0
20241036582,USERDES247,M,0,0,0,0,0,0,0,0,0,0,0,0,0,0,0,0,0,0,13,0,0,0,0,0,0,0,0,0,0,0,0,0,0,0
20242039205,USERDES247,M,0,0,0,0,0,0,0,0,0,0,0,0,0,0,0,0,0,0,27,0,0,0,0,0,0,0,0,50,0,0,0,0,0,0
20241030709,USERDES247,M,0,0,0,0,0,0,0,0,0,0,0,0,0,0,0,0,0,0,15,0,0,0,0,0,0,0,0,0,0,0,0,0,0,0
20251032784,USERDES247,M,0,0,0,0,0,0,0,0,0,0,0,0,0,0,0,0,0,0,0,0,0,0,0,0,0,0,0,0,0,0,0,0,0,0
20241038069,USERDES247,M,0,0,0,0,0,0,0,0,0,0,0,0,0,0,0,0,0,0,15,0,0,0,0,0,0,0,0,50,0,0,0,0,0,0
2023132397,USERDES247,M,0,0,0,0,0,0,0,0,0,0,0,0,0,0,0,0,0,0,0,0,0,0,0,0,0,0,0,50,0,0,0,0,0,0
